0.246574,-0.0414741,21.0674,-19.8544
0.482864,-0.123275,18.2319,-20.5049
0.702329,-0.243141,18.0017,-20.5489
0.898895,-0.397756,17.6565,-20.9069
1.06712,-0.582849,17.6239,-20.9195
1.20236,-0.793307,15.0766,-18.8752
1.30087,-1.02332,15.701,-17.7817
1.35991,-1.26655,15.5933,-17.8664
1.37786,-1.51628,15.7032,-17.5852
1.3542,-1.76566,16.6745,-18.9049
1.28956,-2.00781,15.3396,-18.1941
1.1857,-2.23609,14.1998,-19.7057
1.04544,-2.44422,15.0176,-19.9246
0.872591,-2.6265,14.3358,-19.9227
0.67185,-2.77791,14.5259,-20.041
0.448667,-2.8943,14.5895,-20.793
0.209098,-2.97246,13.7738,-22.3889
-0.0403637,-3.01022,13.7978,-21.627
-0.292961,-3.00652,14.47,-21.7177
-0.541856,-2.96139,12.5253,-21.2059
-0.780318,-2.876,11.7197,-22.0067
-1.0019,-2.7526,8.62479,-25.6293
-1.20062,-2.59448,10.3284,-24.2914
-1.37111,-2.40582,7.62392,-24.3049
-1.50876,-2.19165,4.10389,-22.9857
-1.60985,-1.95767,3.2024,-22.2874
-1.67165,-1.71009,3.21743,-22.24
-1.69247,-1.4555,3.99939,-20.3601
-1.6717,-1.20066,3.48661,-19.9512
-1.60987,-0.952327,5.02119,-19.1137
-1.50857,-0.717082,4.59992,-20.7214
-1.37046,-0.501154,2.90128,-20.8603
-1.19914,-0.310257,6.01882,-19.9368
-0.999118,-0.149436,2.7599,-18.2129
-0.77563,-0.0229415,1.70615,-17.8374
-0.53454,0.065884,0.386991,-15.0241
-0.282167,0.114691,0.915968,-13.8011
-0.0251219,0.122183,2.36449,-13.4596
0.229864,0.0881463,2.23245,-16.1443
0.476118,0.0134586,0.532353,-13.5805
0.707198,-0.0999404,-1.19539,-14.7384
0.917063,-0.249098,-1.35512,-14.6381
1.10023,-0.43013,-1.19943,-12.8779
1.25191,-0.638317,-1.03705,-16.3777
1.36814,-0.868235,-3.48274,-15.9946
1.44588,-1.11389,-3.79085,-16.0804
1.48312,-1.3689,-5.56149,-17.2267
1.47885,-1.6266,-8.29585,-16.3584
1.43321,-1.88029,-10.3735,-16.7527
1.34736,-2.12336,-9.69055,-18.1852
1.22355,-2.3495,-9.63522,-18.8833
1.06498,-2.5528,-8.56574,-18.9844
0.875778,-2.72799,-8.58785,-19.0096
0.66087,-2.8705,-7.89458,-20.462
0.42584,-2.97662,-7.52194,-20.1551
0.176798,-3.0436,-7.79698,-22.4624
-0.0797803,-3.06969,-8.49097,-22.477
-0.337226,-3.0542,-7.89411,-22.44
-0.588847,-2.99755,-7.9082,-22.102
-0.828102,-2.9012,-8.1316,-21.7202
-1.04877,-2.76765,-9.14297,-22.0832
-1.24512,-2.60038,-8.30534,-22.4153
-1.41205,-2.40374,-6.66725,-21.9894
-1.54522,-2.18282,-10.4914,-20.9706
-1.64116,-1.94337,-10.7138,-20.8079
-1.69739,-1.69162,-10.6429,-19.8802
-1.71245,-1.43409,-8.45042,-21.8233
-1.68593,-1.17749,-8.22481,-21.7479
-1.61853,-0.928486,-9.52763,-24.0133
-1.51201,-0.693538,-9.90972,-25.7003
-1.36912,-0.478753,-7.22157,-25.2382
-1.19358,-0.289711,-7.21412,-25.2816
-0.989949,-0.131325,-7.37204,-24.2729
-0.763517,-0.00770723,-6.34914,-21.8613
-0.520165,0.0779294,-8.11928,-24.8814
-0.266216,0.12336,-7.58722,-25.545
-0.00826511,0.127405,-6.30133,-24.4515
0.246986,0.0899592,-6.56922,-24.4972
0.492908,0.0119942,-5.2689,-25.2635
0.723113,-0.104464,-8.98975,-25.7899
0.93162,-0.256392,-9.20522,-23.1193
1.11301,-0.439842,-9.38077,-23.3024
1.26258,-0.650049,-9.5109,-26.6011
1.37644,-0.881555,-9.71205,-26.9661
1.45163,-1.12834,-9.83064,-26.9503
1.4862,-1.38401,-11.6473,-27.6581
1.47925,-1.6419,-10.5183,-27.3924
1.43096,-1.89534,-11.555,-27.0903
1.34259,-2.13772,-10.4279,-26.5407
1.21643,-2.36276,-10.4374,-26.5974
1.05576,-2.56461,-11.3474,-29.5116
0.864744,-2.73804,-12.6794,-30.3404
0.648354,-2.87852,-13.7918,-31.3573
0.412206,-2.98242,-13.0319,-32.1395
0.162435,-3.04704,-14.2674,-33.7497
-0.0944731,-3.07069,-12.5288,-35.6259
-0.351845,-3.05277,-12.6754,-35.7004
-0.602995,-2.99374,-14.3051,-33.9766
-0.841402,-2.89513,-14.0613,-34.3953
-1.06087,-2.7595,-12.3128,-36.164
-1.25571,-2.59038,-12.5945,-35.995
-1.42084,-2.39216,-13.4742,-36.3964
-1.55199,-2.16998,-13.4747,-36.3639
-1.64575,-1.92962,-12.9896,-36.0098
-1.69968,-1.67733,-12.9458,-35.9683
-1.71238,-1.41964,-12.8434,-35.6791
-1.68353,-1.16327,-12.9244,-35.7969
-1.61386,-0.914852,-13.0213,-36.3188
-1.50519,-0.680855,-13.5343,-38.054
-1.36035,-0.467352,-13.5713,-37.9683
-1.18309,-0.279889,-14.3244,-38.0072
-0.978025,-0.123334,-14.6073,-35.7236
-0.75047,-0.00175295,-13.3978,-35.2008
-0.50634,0.0816955,-12.9814,-35.7995
-0.251976,0.124844,-12.9226,-36.7111
0.00601672,0.126573,-11.1147,-37.7572
0.260937,0.0868364,-11.1083,-37.8357
0.506163,0.00666661,-11.2726,-38.2806
0.735328,-0.111854,-11.3559,-38.508
0.942477,-0.265648,-11.1775,-38.5396
1.12223,-0.450719,-11.3843,-36.5483
1.26992,-0.662263,-13.2071,-34.744
1.38172,-0.894784,-13.7113,-35.7914
1.45471,-1.14224,-12.8336,-36.5025
1.487,-1.39821,-13.2869,-36.9074
1.47775,-1.65605,-15.7803,-37.4256
1.42721,-1.90905,-16.9461,-36.3323
1.33668,-2.15064,-16.5911,-39.8834
1.20852,-2.37456,-17.3511,-39.8481
1.04606,-2.57498,-15.7617,-37.0339
0.853508,-2.7467,-15.8514,-37.3705
0.635874,-2.88527,-16.6078,-35.9728
0.398808,-2.98707,-16.6829,-35.7124
0.148468,-3.04947,-17.348,-34.3285
-0.108645,-3.07085,-16.4007,-34.0493
-0.365852,-3.05064,-16.5371,-33.9552
-0.616475,-2.98939,-19.257,-33.5784
-0.854003,-2.88867,-21.7152,-32.1778
-1.07227,-2.7511,-20.7324,-31.9099
-1.2656,-2.58026,-21.3559,-32.1062
-1.42898,-2.38058,-22.9773,-32.5858
-1.55816,-2.15725,-23.4342,-30.8637
-1.64979,-1.91607,-21.9093,-31.31
-1.70149,-1.66331,-19.4698,-31.7028
-1.71192,-1.40552,-19.4111,-30.8422
-1.68079,-1.1494,-19.4004,-30.8211
-1.60894,-0.901608,-18.5474,-29.7897
-1.49821,-0.668577,-19.9205,-31.0425
-1.35148,-0.456359,-20.1846,-30.2151
-1.17258,-0.270465,-20.1516,-30.4809
-0.966132,-0.115724,-20.5839,-31.1001
-0.737512,0.00384523,-19.0588,-33.275
-0.492653,0.0851377,-18.0121,-30.4852
-0.237915,0.126042,-17.1818,-29.4355
0.020085,0.125496,-16.3927,-32.6783
0.274647,0.0835126,-14.7014,-30.5263
0.519159,0.00118361,-13.2092,-31.0005
0.747272,-0.119353,-13.2629,-30.8861
0.95306,-0.274967,-12.4985,-31.0537
1.13118,-0.461617,-12.7626,-31.4735
1.277,-0.674455,-14.1072,-32.3714
1.38674,-0.907954,-12.9905,-33.1097
1.45755,-1.15605,-16.481,-32.5411
1.48759,-1.41229,-16.9475,-32.3779
1.47607,-1.67004,-16.1484,-31.9695
1.4233,-1.92259,-15.821,-32.0917
1.33065,-2.16338,-15.9645,-32.0277
1.20053,-2.38616,-17.0887,-34.2816
1.0363,-2.58514,-18.3713,-33.7659
0.842247,-2.75517,-17.727,-33.2676
0.623402,-2.89181,-16.877,-33.7595
0.385448,-2.99152,-16.998,-31.0575
0.134568,-3.05172,-19.6742,-32.631
-0.122724,-3.07083,-20.7764,-30.9302
-0.379746,-3.04837,-20.6195,-31.0427
-0.629821,-2.98491,-23.6865,-31.8745
-0.866455,-2.8821,-22.8452,-31.7236
-1.0835,-2.74262,-22.8848,-29.8418
-1.27533,-2.57009,-20.9677,-28.0378
-1.43694,-2.36898,-22.4682,-29.7703
-1.56416,-2.14452,-21.865,-28.338
-1.65367,-1.90255,-21.6478,-24.5266
-1.70314,-1.64933,-21.8572,-23.9132
-1.7113,-1.39146,-24.4921,-21.1486
-1.67793,-1.13563,-24.8056,-20.9143
-1.60389,-0.888475,-24.781,-20.9975
-1.49112,-0.656425,-22.5268,-19.3311
-1.34254,-0.445504,-23.8228,-17.2489
-1.162,-0.261189,-23.9736,-19.4376
-0.954206,-0.108268,-23.6594,-20.123
-0.724543,0.00928882,-25.5256,-22.908
-0.478979,0.088427,-24.8338,-23.0227
-0.223891,0.127092,-24.9412,-21.0601
0.0340952,0.124279,-24.3427,-21.3647
0.288279,0.080061,-24.5804,-21.4203
0.53206,-0.00441297,-24.7217,-18.5743
0.759105,-0.126949,-25.0216,-19.1675
0.963518,-0.284365,-25.7133,-20.598
1.13999,-0.472573,-24.7601,-18.3526
1.28394,-0.686684,-25.709,-19.683
1.39163,-0.921137,-26.385,-19.3767
1.46025,-1.16984,-23.778,-21.8797
1.48804,-1.42635,-24.5992,-20.1788
1.47426,-1.68398,-24.5475,-24.1014
1.41927,-1.93605,-23.0716,-27.2882
1.32451,-2.17602,-21.7676,-27.3461
1.19243,-2.39765,-21.8799,-27.4746
1.02647,-2.59519,-22.6412,-27.1029
0.83093,-2.7635,-25.5262,-24.3342
0.610892,-2.89822,-22.0131,-27.1462
0.372072,-2.99584,-23.0279,-28.388
0.120673,-3.05383,-22.1202,-28.3411
-0.136778,-3.07068,-21.8275,-29.5383
-0.393592,-3.04596,-22.5433,-31.9446
-0.643101,-2.98031,-21.9997,-33.7993
-0.878824,-2.87543,-22.5769,-35.2584
-1.09464,-2.73405,-22.5027,-39.0612
-1.28494,-2.55984,-22.2873,-40.4664
-1.44479,-2.35732,-23.3428,-40.5673
-1.57003,-2.13175,-23.6745,-40.9738
-1.65741,-1.889,-23.2748,-40.1601
-1.70466,-1.63536,-23.2544,-40.2068
-1.71055,-1.37743,-21.3662,-39.8424
-1.67494,-1.1219,-20.3223,-39.9616
-1.59874,-0.875405,-20.3299,-40.0083
-1.48393,-0.644354,-21.2904,-39.1701
-1.3335,-0.434744,-21.2606,-36.2896
-1.15136,-0.252021,-21.5483,-36.6887
-0.942225,-0.100929,-21.1628,-34.757
-0.711539,0.0146073,-22.1773,-33.8406
-0.465289,0.0915874,-23.8141,-34.546
-0.209872,0.128012,-21.4823,-33.2092
0.0480799,0.122935,-22.5201,-32.5144
0.301866,0.0764883,-22.6017,-32.1708
0.544896,-0.0101217,-22.3155,-31.6503
0.770858,-0.134646,-21.892,-34.2249
0.973882,-0.29385,-23.1372,-34.1675
1.1487,-0.483599,-22.6219,-33.8878
1.29076,-0.698965,-22.7989,-34.924
1.39639,-0.934354,-20.9728,-35.4668
1.46283,-1.18365,-22.6602,-35.9166
1.48836,-1.44039,-22.9864,-33.5982
1.47232,-1.69789,-21.8072,-33.5229
1.41513,-1.94947,-20.1061,-32.6538
1.31826,-2.1886,-20.8402,-30.5703
1.18425,-2.40907,-19.2756,-28.3291
1.01655,-2.60514,-18.7899,-28.0137
0.819544,-2.77173,-18.7016,-30.0943
0.598333,-2.90451,-17.3097,-33.326
0.358666,-3.00003,-19.8958,-30.1116
0.106767,-3.05581,-20.3975,-30.3872
-0.150821,-3.07041,-17.4757,-31.0896
-0.407409,-3.04344,-17.1307,-29.7943
-0.656333,-2.9756,-17.1799,-27.1672
-0.891126,-2.86866,-18.1236,-23.5623
-1.10569,-2.72539,-19.2379,-25.0096
-1.29446,-2.54951,-19.2974,-24.7701
-1.45252,-2.3456,-21.4962,-23.6184
-1.57578,-2.11894,-21.328,-24.0348
-1.66102,-1.87543,-21.8404,-23.9776
-1.70605,-1.62139,-24.9554,-22.276
-1.70968,-1.36341,-24.4046,-21.6999
-1.67182,-1.1082,-24.1061,-19.5729
-1.59346,-0.862387,-24.8226,-20.0402
-1.47664,-0.632352,-25.5344,-20.9717
-1.32437,-0.42407,-25.2917,-22.3088
-1.14063,-0.242952,-25.0387,-21.2934
-0.930183,-0.0937002,-26.7683,-20.1666
-0.698492,0.019808,-26.8705,-20.0027
-0.451577,0.0946248,-26.9021,-19.9469
-0.19585,0.128807,-28.7289,-21.7813
0.0620476,0.121468,-29.772,-19.2075
0.315417,0.0727962,-29.6054,-19.0122
0.557678,-0.0159426,-29.5247,-19.0278
0.782538,-0.142444,-31.3259,-18.2271
0.984158,-0.303423,-30.7585,-17.2137
1.1573,-0.494698,-31.8736,-13.8673
1.29747,-0.711302,-31.1118,-14.2919
1.40103,-0.94761,-32.0009,-14.573
1.46528,-1.19748,-31.9091,-14.7388
1.48856,-1.45443,-30.508,-14.4104
1.47026,-1.71178,-27.9925,-11.6783
1.41086,-1.96285,-28.9104,-10.6512
1.3119,-2.20112,-28.6276,-7.90575
1.17596,-2.4204,-29.4925,-7.16145
1.00655,-2.615,-28.7271,-3.90272
0.808089,-2.77985,-27.9792,0.0973
0.585722,-2.91069,-30.2532,0.442285
0.345226,-3.0041,-32.7265,0.204554
0.0928474,-3.05767,-36.3675,-0.4204
-0.164859,-3.07001,-35.2186,-1.58951
-0.421201,-3.04079,-33.4901,-2.3226
-0.669519,-2.97077,-33.3316,-2.91867
-0.903366,-2.86177,-34.0196,-3.63334
-1.11667,-2.71662,-34.2991,-3.06951
-1.30388,-2.5391,-33.8004,0.58386
-1.46015,-2.33381,-33.2527,0.314921
-1.58141,-2.10608,-34.2219,2.38289
-1.66452,-1.86183,-33.4329,1.50901
-1.70732,-1.6074,-32.9553,1.16448
-1.70868,-1.3494,-34.0034,0.829912
-1.66859,-1.09453,-29.5123,0.904147
-1.58808,-0.849417,-28.1366,-0.298967
-1.46924,-0.620416,-28.0887,-0.198875
-1.31515,-0.413478,-27.9779,3.50029
-1.12983,-0.233978,-29.1531,4.78573
-0.91808,-0.0865785,-32.718,7.65779
-0.685402,0.0248929,-35.9859,10.1531
-0.43784,0.097541,-35.9626,10.9231
-0.181823,0.129479,-36.4046,12.5495
0.0760004,0.119877,-36.3104,12.4729
0.328933,0.0689853,-35.929,13.0705
0.570406,-0.0218751,-35.1791,12.471
0.794148,-0.150344,-35.5367,11.3614
0.994348,-0.313086,-35.5364,10.4816
1.16581,-0.505872,-33.6226,13.5539
1.30407,-0.723698,-33.0822,13.1045
1.40555,-0.960904,-35.7565,14.2933
1.46761,-1.21133,-36.6329,16.2283
1.48863,-1.46847,-36.4686,16.4223
1.46808,-1.72566,-35.1519,15.8728
1.40648,-1.9762,-35.285,15.6701
1.30544,-2.21359,-33.0801,14.6823
1.16757,-2.43167,-32.8963,14.8909
0.996466,-2.62477,-33.0008,14.6259
0.796564,-2.78788,-31.0668,14.6738
0.573058,-2.91675,-31.1611,14.6738
0.331751,-3.00806,-31.4183,13.9544
0.0789125,-3.05941,-30.4395,14.5477
-0.178892,-3.06949,-31.7543,15.8011
-0.434968,-3.03802,-34.4776,16.9176
-0.682663,-2.96582,-31.4549,15.121
-0.915544,-2.85478,-34.1696,16.8757
-1.12756,-2.70777,-34.8559,17.8989
-1.31322,-2.52861,-38.3118,18.1772
-1.46768,-2.32195,-38.1521,17.8848
-1.58694,-2.09317,-37.5332,18.3149
-1.6679,-1.8482,-38.8165,16.377
-1.70846,-1.5934,-38.7053,16.7537
-1.70756,-1.3354,-35.7837,19.1688
-1.66524,-1.0809,-35.6848,15.8106
-1.58258,-0.836496,-36.8868,15.0052
-1.46173,-0.608546,-36.4275,15.1835
-1.30584,-0.402968,-38.3655,12.6363
-1.11895,-0.2251,-38.7487,12.7625
-0.905915,-0.0795638,-40.065,15.4298
-0.672268,0.0298625,-39.5875,15.1472
-0.424078,0.100336,-39.6077,15.5217
-0.167791,0.130027,-37.5506,13.671
0.0899382,0.118165,-38.821,13.2743
0.342415,0.065056,-39.8949,13.424
0.583081,-0.0279191,-40.0449,12.4736
0.805688,-0.158346,-38.4657,12.9482
1.00445,-0.322837,-38.3711,13.066
1.17421,-0.51712,-38.1972,13.107
1.31056,-0.73615,-38.1725,13.1712
1.40996,-0.974237,-40.2082,11.9242
1.46982,-1.2252,-41.8339,11.0016
1.48858,-1.48252,-38.0873,11.4415
1.46578,-1.73951,-38.1994,11.2764
1.40198,-1.9895,-37.5797,11.4451
1.29886,-2.226,-37.3989,11.4506
1.15909,-2.44286,-37.6652,11.8877
0.986294,-2.63445,-36.9811,13.7139
0.784969,-2.7958,-37.4218,11.241
0.560341,-2.92271,-36.9856,13.5513
0.318243,-3.01189,-38.3693,13.3331
0.0649633,-3.06103,-39.746,12.8368
-0.19292,-3.06884,-38.8647,12.5148
-0.448709,-3.03513,-40.037,12.6225
-0.695762,-2.96076,-41.6386,10.4925
-0.92766,-2.84768,-42.3057,7.66488
-1.13838,-2.69881,-42.3396,7.64312
-1.32246,-2.51803,-40.9406,6.75748
-1.4751,-2.31003,-42.5384,6.95247
-1.59235,-2.08021,-43.1053,6.40799
-1.67116,-1.83454,-43.1487,6.02192
-1.70948,-1.5794,-41.5486,8.40702
-1.70632,-1.32142,-42.7264,10.0277
-1.66177,-1.06729,-40.0162,7.3252
-1.57697,-0.823624,-41.1169,4.60083
-1.45413,-0.596743,-39.1546,4.20256
-1.29644,-0.39254,-39.6809,5.00282
-1.10799,-0.216319,-39.1489,6.56516
-0.893689,-0.0726561,-40.4481,9.10143
-0.659091,0.0347165,-39.0487,8.94021
-0.410293,0.103011,-39.0227,7.62299
-0.153755,0.130453,-39.0263,7.65421
0.10386,0.11633,-39.2,7.6831
0.355861,0.0610085,-37.2303,8.87292
0.595703,-0.0340739,-36.8682,9.79453
0.817157,-0.166448,-35.3208,8.84033
1.01447,-0.332676,-35.8659,7.09177
1.18252,-0.528441,-35.6211,10.0349
1.31694,-0.748659,-36.6487,9.85806
1.41425,-0.987609,-33.3057,11.1613
1.4719,-1.23909,-34.3259,12.1842
1.48841,-1.49656,-35.3848,11.8669
1.46335,-1.75334,-34.4553,13.052
1.39737,-2.00276,-33.7945,15.0208
1.29217,-2.23834,-33.4853,15.0795
1.1505,-2.45397,-30.6767,14.9314
0.976037,-2.64404,-31.2976,15.1015
0.773305,-2.80362,-30.9491,15.0488
0.547572,-2.92855,-30.8306,13.1255
0.304701,-3.01561,-31.1476,13.0412
0.0510005,-3.06252,-27.353,14.1305
-0.206941,-3.06807,-27.3601,14.1278
-0.462425,-3.03212,-26.8218,13.6109
-0.708816,-2.95559,-27.0824,13.6649
-0.939714,-2.84047,-27.0764,14.0845
-1.14912,-2.68977,-27.2998,14.0798
-1.3316,-2.50738,-27.2772,14.0676
-1.48242,-2.29804,-27.2368,14.0016
-1.59764,-2.0672,-26.3279,11.9676
-1.6743,-1.82085,-25.0212,12.2744
-1.71038,-1.56539,-24.8039,12.4857
-1.70496,-1.30744,-25.7654,14.2427
-1.65817,-1.05372,-28.0492,16.0216
-1.57124,-0.810802,-28.2779,17.476
-1.44641,-0.585007,-28.649,17.4205
-1.28694,-0.382195,-30.2722,17.8897
-1.09696,-0.207633,-31.4793,18.9074
-0.881403,-0.065856,-31.4194,18.4681
-0.645872,0.0394548,-31.5412,18.3842
-0.396484,0.105564,-32.0258,19.9649
-0.139715,0.130755,-32.5307,19.9571
0.117766,0.114373,-33.2629,21.1491
0.369272,0.0568433,-33.355,20.9041
0.60827,-0.0403393,-33.984,20.0816
0.828555,-0.174651,-33.422,19.9395
1.0244,-0.342603,-32.8273,20.3911
1.19073,-0.539835,-32.9486,20.2673
1.32322,-0.761223,-31.7127,19.0403
1.41842,-1.00102,-31.4264,19.0288
1.47387,-1.25299,-29.6522,18.3903
1.48812,-1.5106,-29.3988,20.1147
1.4608,-1.76715,-30.0428,19.1624
1.39263,-2.01598,-29.3298,18.5219
1.28538,-2.25063,-27.925,17.4902
1.14182,-2.46501,-30.8135,17.5828
0.965697,-2.65354,-28.1682,19.2097
0.761573,-2.81133,-29.0077,21.7146
0.534753,-2.93429,-29.5781,17.731
0.291128,-3.01921,-29.8095,17.0678
0.0370252,-3.06389,-29.6364,17.7388
-0.220956,-3.06718,-30.8786,14.8677
-0.476114,-3.02898,-31.6866,15.6637
-0.721824,-2.9503,-28.6128,16.3119
-0.951703,-2.83316,-28.5783,16.3816
-1.15978,-2.68062,-25.4076,16.7748
-1.34066,-2.49664,-26.473,18.0086
-1.48963,-2.28599,-25.4295,20.5246
-1.60283,-2.05415,-27.7938,21.5825
-1.67731,-1.80714,-31.1064,24.5428
-1.71116,-1.55136,-31.9923,24.3832
-1.70347,-1.29348,-31.6329,25.1962
-1.65446,-1.04017,-30.7095,23.6957
-1.5654,-0.798031,-30.0998,23.2517
-1.4386,-0.573339,-29.8883,23.204
-1.27735,-0.371933,-29.6951,25.295
-1.08585,-0.199045,-27.383,28.0412
-0.869057,-0.0591639,-26.7508,25.7759
-0.632612,0.0440769,-27.6437,29.6259
-0.382654,0.107996,-27.6857,28.8216
-0.125674,0.130934,-30.142,29.1353
0.131653,0.112294,-30.4929,28.1332
0.382645,0.0525605,-30.5561,28.1064
0.620782,-0.0467146,-30.547,28.1139
0.83988,-0.182953,-30.7523,26.7387
1.03425,-0.352617,-31.3322,26.632
1.19884,-0.5513,-31.5383,25.0069
1.32938,-0.773841,-31.4412,24.9297
1.42247,-1.01446,-27.8441,22.2329
1.47571,-1.26691,-27.9298,21.6968
1.4877,-1.52463,-25.728,22.5751
1.45814,-1.78094,-28.1113,21.0588
1.38779,-2.02916,-28.1084,20.0444
1.27848,-2.26286,-27.5515,19.4764
1.13305,-2.47597,-27.5236,19.3253
0.955274,-2.66295,-28.4743,19.0253
0.749773,-2.81895,-31.6287,18.9515
0.521884,-2.9399,-31.6455,19.0057
0.277523,-3.02269,-30.8818,16.632
0.0230384,-3.06514,-30.6423,16.854
-0.234961,-3.06617,-31.2168,16.8593
-0.489775,-3.02573,-32.9314,14.4631
-0.734785,-2.94489,-30.121,15.5478
-0.963628,-2.82575,-30.7415,15.4048
-1.17036,-2.67139,-26.7815,15.3828
-1.34961,-2.48583,-27.4909,14.2294
-1.49673,-2.27388,-27.9434,17.1529
-1.60789,-2.04106,-29.3628,18.2002
-1.68021,-1.7934,-31.8847,19.0322
-1.71181,-1.53734,-31.534,18.6047
-1.70186,-1.27953,-31.2685,20.1363
-1.65063,-1.02666,-31.3885,19.527
-1.55945,-0.785311,-31.6979,19.1709
-1.43069,-0.56174,-29.412,19.1068
-1.26768,-0.361756,-29.683,19.3347
-1.07466,-0.190555,-28.0175,18.3734
-0.856654,-0.0525804,-32.0217,18.5481
-0.619313,0.0485825,-30.2911,20.2486
-0.368803,0.110307,-31.3884,17.6435
-0.111632,0.130989,-30.3199,16.547
0.145522,0.110093,-30.4678,16.6701
0.39598,0.0481607,-32.3149,18.5553
0.633238,-0.0531994,-32.3123,19.1718
0.851132,-0.191355,-29.4731,17.3969
1.044,-0.362717,-29.4296,17.3153
1.20685,-0.562836,-29.8646,17.4543
1.33543,-0.786513,-31.6508,17.3274
1.42641,-1.02794,-32.0548,18.0155
1.47743,-1.28085,-32.1697,18.3035
1.48716,-1.53867,-32.2529,19.0955
1.45535,-1.7947,-30.7175,22.6666
1.38282,-2.0423,-31.8739,21.5027
1.27147,-2.27503,-33.4348,19.8166
1.12418,-2.48686,-35.9266,16.9948
0.944768,-2.67227,-36.7065,18.3968
0.737908,-2.82646,-36.3132,17.5064
0.508966,-2.94541,-35.854,18.0391
0.263889,-3.02605,-36.8587,17.7878
0.00904117,-3.06627,-36.2666,16.4363
-0.248958,-3.06503,-36.567,13.5979
-0.503407,-3.02236,-38.383,11.7481
-0.747699,-2.93938,-37.4763,11.1495
-0.975488,-2.81823,-37.0808,10.408
-1.18086,-2.66206,-34.2775,9.17579
-1.35848,-2.47494,-32.2106,10.4147
-1.50373,-2.26171,-32.3218,10.8327
-1.61284,-2.02792,-33.1188,11.542
-1.68299,-1.77963,-33.7247,12.9354
-1.71234,-1.5233,-35.8142,14.0859
-1.70013,-1.26559,-36.3864,13.204
-1.64669,-1.01319,-38.7573,9.38101
-1.55339,-0.772644,-39.9482,9.44488
-1.42267,-0.550211,-40.0344,9.86742
-1.25791,-0.351665,-42.5671,11.9613
-1.0634,-0.182163,-42.6867,11.5408
-0.844193,-0.046106,-45.6127,9.33917
-0.605974,0.0529712,-45.0971,8.66329
-0.354932,0.112496,-45.877,6.97628
-0.0975895,0.130922,-43.4998,8.6034
0.159371,0.107771,-40.9578,6.84843
0.409277,0.043644,-43.3751,6.27199
0.645636,-0.0597932,-41.984,6.77939
0.86231,-0.199854,-41.9079,6.3252
1.05367,-0.372902,-41.981,6.42429
1.21475,-0.574441,-41.349,5.27908
1.34137,-0.799238,-43.2952,7.60307
1.43023,-1.04145,-43.7849,11.0685
1.47902,-1.2948,-41.1867,13.3848
1.48649,-1.55269,-38.9405,13.4426
1.45244,-1.80844,-38.7755,13.5902
1.37775,-2.05539,-37.5066,14.1453
1.26435,-2.28714,-37.2699,13.528
1.11521,-2.49766,-38.2825,16.6737
0.934182,-2.68149,-36.4943,13.28
0.725976,-2.83386,-37.4203,10.9362
0.496,-2.9508,-36.6143,10.3834
0.250225,-3.02929,-36.6418,9.75228
-0.00496537,-3.06727,-35.5962,10.8154
-0.262943,-3.06377,-35.6387,10.6
-0.517009,-3.01887,-37.0513,13.068
-0.760563,-2.93375,-36.8112,12.2788
-0.987281,-2.81061,-39.429,12.6029
-1.19127,-2.65264,-40.1001,12.6219
-1.36724,-2.46397,-40.8106,14.2853
-1.51062,-2.24947,-40.8813,14.7979
-1.61768,-2.01473,-41.9371,17.7773
-1.68564,-1.76584,-41.9417,17.787
-1.71274,-1.50927,-42.8755,16.5401
-1.69828,-1.25167,-43.762,17.484
-1.64262,-0.999745,-43.84,17.1332
-1.54722,-0.76003,-41.4828,15.6473
-1.41455,-0.538752,-38.7391,16.8331
-1.24806,-0.341659,-38.9793,17.1302
-1.05207,-0.17387,-35.5948,15.7135
-0.831676,-0.039741,-35.7226,15.835
-0.592597,0.0572429,-32.854,12.7246
-0.341043,0.114563,-36.615,14.4282
-0.0835484,0.130731,-37.136,13.866
0.173199,0.105327,-36.4885,16.3059
0.422533,0.0390109,-36.2395,16.2342
0.657975,-0.0664955,-36.2258,15.363
0.873413,-0.208452,-37.8298,16.0126
1.06325,-0.383171,-37.8872,16.0546
1.22256,-0.586116,-39.0299,15.3098
1.34719,-0.812014,-40.8818,16.112
1.43393,-1.055,-43.1511,19.3632
1.4805,-1.30876,-43.1807,19.4007
1.48571,-1.56671,-42.732,19.7546
1.44941,-1.82215,-44.016,19.9134
1.37255,-2.06844,-39.376,19.0643
1.25713,-2.29918,-38.1808,18.7492
1.10615,-2.50839,-38.2002,18.8069
0.923514,-2.69063,-38.2162,21.0582
0.713981,-2.84116,-37.6496,21.8497
0.482987,-2.95608,-37.6482,21.8554
0.236533,-3.03241,-36.1536,22.4503
-0.0189802,-3.06815,-35.8896,22.998
-0.276917,-3.06239,-37.1568,25.3296
-0.530579,-3.01526,-36.0285,27.2642
-0.773378,-2.92801,-34.0344,31.6627
-0.999006,-2.80288,-32.4279,32.0957
-1.20161,-2.64314,-32.4602,32.0873
-1.37591,-2.45292,-31.0357,33.2707
-1.5174,-2.23718,-30.5086,32.716
-1.6224,-2.00151,-30.2943,31.7267
-1.68818,-1.75203,-32.6145,31.4485
-1.71303,-1.49523,-32.5647,30.4659
-1.6963,-1.23777,-32.239,27.9079
-1.63844,-0.98634,-32.2432,27.9594
-1.54094,-0.747471,-33.658,30.6168
-1.40633,-0.527366,-34.1017,30.8456
-1.23812,-0.331741,-32.6713,27.4722
-1.04067,-0.165676,-31.8973,27.7414
-0.819104,-0.0334861,-28.9012,29.9911
-0.579183,0.061397,-27.1683,33.7789
-0.327136,0.116509,-26.8794,33.6187
-0.0695095,0.130418,-23.2196,31.8226
0.187006,0.102763,-25.1895,29.9143
0.435748,0.0342617,-23.2069,30.6584
0.670256,-0.0733058,-22.7663,32.0378
0.88444,-0.217146,-22.2485,31.0165
1.07274,-0.393524,-21.1028,30.6495
1.23026,-0.597858,-20.8634,29.8
1.35291,-0.824841,-21.2412,32.9286
1.43751,-1.06858,-20.8189,33.2098
1.48185,-1.32274,-22.1766,33.6788
1.4848,-1.58073,-21.3534,33.7868
1.44626,-1.83583,-21.8625,33.6511
1.36725,-2.08144,-20.1713,34.8437
1.24981,-2.31116,-20.247,34.8829
1.09699,-2.51904,-16.9126,36.2745
0.912768,-2.69967,-18.1003,35.8257
0.701922,-2.84836,-18.1012,35.4322
0.469929,-2.96125,-18.4469,36.0781
0.222815,-3.03541,-19.272,35.5184
-0.0330022,-3.06891,-18.0168,37.2741
-0.290879,-3.06088,-19.4017,37.1898
-0.544118,-3.01153,-19.6006,36.8926
-0.786141,-2.92215,-19.4882,36.0681
-1.01066,-2.79505,-18.7192,39.1242
-1.21185,-2.63354,-16.789,36.8755
-1.38449,-2.4418,-13.8501,35.4192
-1.52408,-2.22482,-16.4542,36.2915
-1.62701,-1.98824,-16.34,36.191
-1.69059,-1.7382,-16.8373,34.6275
-1.71319,-1.48119,-17.4972,32.4062
-1.69421,-1.22388,-19.0982,33.5652
-1.63414,-0.972973,-18.8656,33.4
-1.53455,-0.734968,-18.2802,32.8931
-1.39802,-0.516052,-21.7461,33.7099
-1.22809,-0.321909,-23.7463,34.7706
-1.02919,-0.157584,-23.8068,32.0199
-0.806477,-0.0273418,-25.2897,33.9824
-0.565733,0.0654333,-25.9526,35.1637
-0.313212,0.118332,-25.1707,35.4434
-0.0554739,0.129981,-23.9786,33.3781
0.200789,0.100077,-23.9951,32.5847
0.44892,0.0293968,-26.5164,35.0024
0.682476,-0.0802235,-26.9657,35.1338
0.89539,-0.225937,-23.1157,36.3182
1.08213,-0.40396,-21.3019,34.0917
1.23785,-0.609667,-21.2982,32.5812
1.35851,-0.837718,-19.775,31.9984
1.44097,-1.08219,-19.9122,33.3202
1.48308,-1.33673,-22.2804,33.5496
1.48376,-1.59473,-22.3696,32.1253
1.44299,-1.84949,-21.7066,29.0295
1.36183,-2.09439,-21.246,26.9895
1.24238,-2.32308,-23.1672,29.9386
1.08774,-2.5296,-23.4489,31.262
0.901942,-2.70861,-20.8688,31.9498
0.6898,-2.85544,-20.9637,31.872
0.456826,-2.9663,-21.4269,33.5601
0.209071,-3.03828,-21.4049,33.558
-0.0470302,-3.06954,-21.559,32.9702
-0.304827,-3.05925,-20.7453,29.936
-0.557623,-3.00769,-21.4862,30.032
-0.798853,-2.91618,-21.8621,30.15
-1.02225,-2.78712,-23.1416,28.8879
-1.22202,-2.62385,-22.5034,30.8697
-1.39296,-2.4306,-21.4379,30.8862
-1.53065,-2.21241,-20.6517,29.8212
-1.63149,-1.97493,-21.4087,29.2651
-1.69288,-1.72434,-22.0095,30.0661
-1.71322,-1.46714,-24.823,30.4365
-1.69199,-1.21002,-26.484,29.3132
-1.62972,-0.959643,-27.3849,30.5701
-1.52804,-0.722521,-23.788,29.6285
-1.3896,-0.504811,-22.6545,28.0275
-1.21798,-0.312167,-21.3282,28.17
-1.01765,-0.149592,-22.5138,27.7935
-0.793797,-0.0213084,-22.719,28.9697
-0.552248,0.0693514,-22.1447,28.2089
-0.299274,0.120033,-24.1217,26.2568
-0.0414427,0.129421,-26.8625,25.5525
0.214548,0.0972702,-26.7285,25.6615
0.46205,0.0244165,-29.8274,24.0725
0.694635,-0.0872482,-30.3706,24.6858
0.906263,-0.234824,-33.351,26.0208
1.09144,-0.414477,-32.7378,25.8606
1.24535,-0.621543,-32.3601,25.4208
1.364,-0.850643,-32.8617,25.1412
1.44431,-1.09583,-32.7504,24.6001
1.48419,-1.35073,-33.7773,24.349
1.48261,-1.60872,-33.4781,24.3687
1.4396,-1.86312,-35.252,24.1969
1.35629,-2.1073,-35.1533,23.5913
1.23484,-2.33493,-34.726,19.6639
1.0784,-2.54009,-35.6385,23.8268
0.891038,-2.71746,-36.899,23.7299
0.677616,-2.86243,-36.0759,22.5945
0.443679,-2.97123,-36.5467,24.8201
0.195302,-3.04104,-37.4502,27.4357
-0.0610633,-3.07005,-38.7772,27.5739
-0.31876,-3.0575,-39.811,27.2529
-0.571094,-3.00372,-38.879,26.6072
-0.811512,-2.91011,-39.1138,26.63
-1.03377,-2.77909,-39.5105,26.0817
-1.2321,-2.61407,-40.4047,24.8298
-1.40134,-2.41933,-39.2225,23.3527
-1.53711,-2.19994,-41.6069,23.4441
-1.63587,-1.96159,-46.033,24.7197
-1.69506,-1.71047,-45.8919,24.2588
-1.71314,-1.4531,-42.9004,21.7674
-1.68965,-1.19617,-46.4453,23.4262
-1.62519,-0.946353,-46.4122,22.7899
-1.52143,-0.710132,-48.3315,24.8221
-1.38109,-0.493644,-47.4169,27.1156
-1.20778,-0.302513,-46.6927,28.8559
-1.00603,-0.141701,-48.5704,27.4915
-0.781064,-0.0153865,-46.9605,30.2904
-0.53873,0.0731512,-47.061,29.6123
-0.28532,0.121612,-45.9611,29.5578
-0.0274169,0.128738,-46.3624,29.4665
0.228282,0.094343,-49.5864,26.9119
0.475135,0.0193212,-49.4812,26.8086
0.706732,-0.0943793,-51.206,25.0015
0.917057,-0.243805,-49.2433,25.8849
1.10065,-0.425076,-47.7932,26.5258
1.25274,-0.633484,-49.8363,27.5707
1.36937,-0.863616,-49.1788,27.0276
1.44753,-1.1095,-49.4442,26.6815
1.48517,-1.36474,-49.7786,26.0908
1.48133,-1.62271,-47.7778,23.772
1.43609,-1.87671,-48.1427,23.7731
1.35065,-2.12016,-47.8886,23.6992
1.2272,-2.34671,-50.9459,23.2065
1.06897,-2.55049,-47.5703,25.3874
0.880057,-2.72621,-47.3742,25.4938
0.665372,-2.8693,-46.8842,24.6847
0.430489,-2.97605,-47.173,24.908
0.18151,-3.04368,-49.2217,27.7301
-0.0751004,-3.07044,-48.991,28.607
-0.332677,-3.05563,-48.8453,32.7754
-0.584529,-2.99964,-48.9235,33.2755
-0.824117,-2.90392,-50.5507,30.9368
-1.04522,-2.77095,-49.1822,30.302
-1.24209,-2.6042,-50.3637,31.8004
-1.40962,-2.40799,-51.2216,32.1675
-1.54345,-2.18742,-50.8124,32.2825
-1.64012,-1.94821,-49.583,31.1738
-1.6971,-1.69658,-49.2125,30.4924
-1.71293,-1.43906,-47.5999,31.6426
-1.68718,-1.18235,-46.0452,33.2952
-1.62054,-0.933103,-45.7639,33.7957
-1.51472,-0.697801,-45.2284,32.9165
-1.37247,-0.482553,-45.2561,32.5341
-1.1975,-0.292949,-43.2727,36.4561
-0.994345,-0.133913,-45.443,36.9777
-0.76828,-0.00957647,-44.3423,36.8498
-0.525178,0.0768322,-46.7153,37.6866
-0.271353,0.123069,-46.8481,37.95
-0.0133977,0.127932,-47.1756,37.9747
0.24199,0.0912955,-47.3657,38.1611
0.488175,0.0141114,-48.5877,38.7134
0.718766,-0.101616,-48.5931,38.7236
0.927772,-0.252881,-51.688,38.5912
1.10977,-0.435756,-51.6469,37.7905
1.26002,-0.645489,-51.6493,37.8878
1.37464,-0.876636,-50.064,38.2434
1.45063,-1.12319,-52.3734,35.9041
1.48603,-1.37875,-53.5233,34.8908
1.47993,-1.63668,-52.663,37.4564
1.43247,-1.89028,-52.635,37.3482
1.34489,-2.13296,-52.8402,36.6826
1.21946,-2.35842,-55.1941,35.7749
1.05945,-2.56081,-52.0899,37.6782
0.869,-2.73487,-52.4336,38.0441
0.653068,-2.87607,-53.4628,39.0293
0.417258,-2.98075,-52.125,35.3227
0.167695,-3.0462,-54.3038,34.213
-0.0891403,-3.0707,-55.5089,33.89
-0.346577,-3.05364,-56.2688,33.8787
-0.597929,-2.99544,-60.0735,33.1237
-0.836668,-2.89762,-62.4801,35.5918
-1.05659,-2.76272,-62.3377,39.15
-1.252,-2.59425,-62.1946,39.1081
-1.4178,-2.39657,-61.5879,39.323
-1.54969,-2.17483,-60.8268,38.5385
-1.64426,-1.93479,-64.5135,40.361
-1.69903,-1.68267,-64.3408,38.7583
-1.7126,-1.42502,-65.6694,38.68
-1.6846,-1.16855,-66.7136,37.5815
-1.61577,-0.919895,-65.8598,36.3096
-1.50789,-0.68553,-66.5497,34.8701
-1.36376,-0.471538,-64.6341,38.2664
-1.18714,-0.283476,-65.6633,38.6946
-0.982592,-0.126228,-67.9039,38.7204
-0.755445,-0.00387881,-69.2174,35.9472
-0.511595,0.0803942,-67.088,38.2472
-0.257375,0.124402,-66.8497,38.9699
0.000613984,0.127003,-66.4377,40.0419
0.25567,0.0881279,-66.3705,40.0909
0.501169,0.00878734,-64.5451,41.7905
0.730736,-0.108958,-64.2506,42.6756
0.938408,-0.262051,-64.0246,43.4514
1.11879,-0.446514,-64.4038,42.7366
1.2672,-0.657558,-62.3978,44.6816
1.37978,-0.889701,-60.4382,43.6574
1.45361,-1.13691,-63.2166,45.1381
1.48677,-1.39277,-63.3413,45.672
1.4784,-1.65064,-65.8736,45.4803
1.42872,-1.90381,-66.9169,46.2032
1.33901,-2.14572,-69.136,48.0019
1.21162,-2.37007,-69.6888,48.8423
1.04983,-2.57105,-71.634,52.6123
0.857867,-2.74342,-74.4114,54.6524
0.640705,-2.88273,-75.7746,55.2215
0.403986,-2.98534,-74.8874,55.5406
0.153858,-3.04859,-70.4452,56.9967
-0.103182,-3.07085,-70.3785,56.996
-0.360459,-3.05152,-69.8595,56.8186
-0.611291,-2.99112,-69.8918,56.6755
-0.849163,-2.89121,-69.8848,56.5304
-1.0679,-2.75439,-69.7906,56.7476
-1.26181,-2.58421,-69.8328,56.976
-1.42587,-2.38509,-68.57,52.8477
-1.55582,-2.1622,-68.4685,53.3579
-1.64827,-1.92133,-68.9214,56.7148
-1.70084,-1.66874,-68.0104,57.2996
-1.71214,-1.41099,-67.8442,54.3909
-1.6819,-1.15477,-69.8324,54.5845
-1.61089,-0.906728,-72.6829,55.1315
-1.50096,-0.673319,-75.2935,53.9441
-1.35496,-0.460599,-75.0584,53.3919
-1.17669,-0.274093,-74.9757,52.0251
-0.970772,-0.118646,-74.5717,51.7377
-0.742561,0.00170605,-74.3196,51.4526
-0.497981,0.0838369,-74.2693,53.4077
-0.243385,0.125614,-71.7099,53.8729
0.0146169,0.125951,-72.6935,54.9524
0.269322,0.0848404,-72.8219,54.929
0.514116,0.00334955,-73.5026,55.0376
0.742641,-0.116405,-75.732,52.6813
0.948962,-0.271313,-72.0083,52.5765
1.12772,-0.457352,-71.9675,52.8942
1.27427,-0.669689,-69.142,53.5927
1.38481,-0.902811,-69.3164,53.5385
1.45647,-1.15066,-69.181,53.7206
1.48739,-1.4068,-71.3813,52.5055
1.47676,-1.66459,-71.1302,51.681
1.42486,-1.91731,-71.5221,53.6106
1.33303,-2.15842,-72.1416,53.4317
1.20367,-2.38165,-71.9175,53.3314
1.04013,-2.5812,-72.1564,52.8757
0.84666,-2.75189,-72.0249,53.1626
0.628284,-2.88928,-73.4951,53.439
0.390674,-2.98981,-74.2209,52.7587
0.140001,-3.05087,-76.384,51.9578
-0.117224,-3.07086,-76.2635,52.0507
-0.374322,-3.04928,-75.453,50.0308
-0.624614,-2.98668,-75.1199,49.9919
-0.861601,-2.88469,-74.9631,50.2116
-1.07913,-2.74596,-76.6304,50.0411
-1.27154,-2.57408,-76.9685,50.0599
-1.43385,-2.37353,-76.1337,50.1621
-1.56184,-2.14951,-75.499,50.69
-1.65217,-1.90784,-77.9791,50.5715
-1.70252,-1.6548,-79.6699,51.3061
-1.71156,-1.39696,-79.2817,51.7484
-1.67907,-1.14101,-80.2459,51.4301
-1.60589,-0.893606,-79.6435,51.2813
-1.49391,-0.661169,-79.6906,51.2701
-1.34606,-0.449738,-84.0776,49.4545
-1.16616,-0.264803,-86.7365,48.7923
-0.958887,-0.111168,-86.4892,49.1176
-0.729629,0.00717769,-88.0415,46.2874
-0.484338,0.0871601,-86.6053,44.8737
-0.229384,0.126702,-84.0228,44.3877
0.0286101,0.124776,-80.7273,41.9861
0.282945,0.0814333,-79.7185,43.2382
0.527015,-0.00220159,-77.3526,46.7278
0.754481,-0.123956,-78.9726,46.7476
0.959435,-0.280668,-78.1238,49.0665
1.13655,-0.468268,-79.932,45.5084
1.28124,-0.681882,-79.7921,45.2978
1.38973,-0.915964,-80.508,45.4925
1.45921,-1.16443,-83.1647,43.7485
1.48788,-1.42084,-84.0053,44.5211
1.47499,-1.67852,-87.0959,45.3706
1.42087,-1.93078,-86.685,46.9276
1.32694,-2.17107,-85.7662,47.1208
1.19562,-2.39316,-82.2765,49.4236
1.03034,-2.59126,-82.0555,47.6504
0.835378,-2.76025,-84.2716,47.8588
0.615806,-2.89572,-83.8721,48.0021
0.377323,-2.99416,-83.4042,46.1511
0.126125,-3.05302,-83.345,46.1632
-0.131266,-3.07076,-84.2296,46.7851
-0.388165,-3.04692,-80.381,44.1636
-0.637898,-2.98213,-80.0818,43.8617
-0.873981,-2.87807,-82.2509,43.2957
-1.09028,-2.73743,-84.625,45.6388
-1.28118,-2.56387,-85.1517,45.3322
-1.44173,-2.3619,-87.9231,42.7747
-1.56774,-2.13677,-87.2005,41.055
-1.65596,-1.89432,-86.0076,40.1822
-1.70408,-1.64085,-85.0819,38.8646
-1.71086,-1.38293,-86.9746,38.3581
-1.67613,-1.12728,-89.1298,36.8057
-1.60078,-0.880527,-91.0652,38.7697
-1.48677,-0.649082,-90.6665,37.0689
-1.33706,-0.438956,-90.6502,37.0495
-1.15555,-0.255606,-89.5236,37.5963
-0.946936,-0.103795,-89.3006,37.5458
-0.716649,0.0125357,-88.8435,38.7407
-0.470666,0.0903635,-87.8608,36.9084
-0.215375,0.127668,-88.4413,36.7734
0.0425925,0.123479,-88.436,36.8021
0.296537,0.0779068,-88.7498,36.6369
0.539864,-0.00786566,-89.9009,38.3042
0.766253,-0.131611,-93.1127,40.2404
0.969825,-0.290114,-89.6144,39.7443
1.14529,-0.47926,-88.9784,39.6144
1.2881,-0.694136,-92.6233,41.0013
1.39453,-0.92916,-89.6964,38.9654
1.46183,-1.17823,-89.1721,40.8302
1.48825,-1.43488,-88.9001,40.3903
1.4731,-1.69243,-90.0328,41.7434
1.41677,-1.94421,-92.3639,41.7225
1.32073,-2.18367,-91.1826,40.2916
1.18747,-2.40459,-91.1856,39.5351
1.02046,-2.60124,-88.6818,41.6999
0.824024,-2.76851,-88.7553,41.5444
0.603272,-2.90205,-89.7935,40.6322
0.363935,-2.9984,-88.7689,39.9542
0.11223,-3.05505,-91.0635,39.5974
-0.145307,-3.07053,-91.3651,39.6351
-0.401986,-3.04444,-93.0799,41.112
-0.651142,-2.97746,-91.5952,40.6925
-0.886303,-2.87133,-92.2882,39.9227
-1.10136,-2.7288,-91.8151,39.5457
-1.29073,-2.55358,-90.6267,37.4779
-1.4495,-2.35021,-89.3969,38.1985
-1.57353,-2.12398,-85.5724,38.9673
-1.65962,-1.88076,-83.93,38.4944
-1.70552,-1.62688,-83.6946,37.2153
-1.71004,-1.36891,-81.0873,36.9813
-1.67306,-1.11358,-81.159,37.3582
-1.59555,-0.867494,-81.8056,37.5137
-1.47951,-0.637057,-84.4036,35.2277
-1.32797,-0.428252,-84.4349,36.4615
-1.14485,-0.246502,-83.2906,36.7291
-0.934921,-0.0965262,-84.0056,38.1127
-0.703622,0.0177796,-83.14,37.4105
-0.456966,0.0934468,-79.8723,34.8258
-0.201358,0.12851,-79.7663,35.1763
0.0565629,0.122059,-79.9,34.2224
0.310098,0.0742613,-79.8737,30.4488
0.552663,-0.0136422,-78.2357,31.1356
0.777958,-0.139368,-74.3786,32.9371
0.980132,-0.299651,-74.4122,32.7564
1.15393,-0.490329,-74.0364,31.4457
1.29485,-0.706449,-72.8168,30.7812
1.39922,-0.942398,-72.2201,31.691
1.46433,-1.19205,-70.8128,30.4561
1.4885,-1.44892,-71.124,30.8168
1.47109,-1.70633,-74.7744,30.9921
1.41255,-1.9576,-74.2353,28.1128
1.31442,-2.19621,-73.7788,28.835
1.17923,-2.41596,-74.572,31.9013
1.01049,-2.61113,-75.2158,31.4661
0.812598,-2.77667,-77.0108,31.5902
0.590683,-2.90827,-76.9881,31.5785
0.35051,-3.00252,-79.6417,31.3557
0.0983176,-3.05696,-78.9487,32.4229
-0.159345,-3.07018,-78.4407,33.17
-0.415786,-3.04184,-78.4405,33.1694
-0.664344,-2.97268,-80.3875,36.7144
-0.898565,-2.86449,-79.5081,37.2971
-1.11237,-2.72008,-79.3146,37.9401
-1.30019,-2.5432,-78.7597,40.3702
-1.45717,-2.33845,-81.5687,39.8821
-1.57921,-2.11114,-82.2524,39.401
-1.66316,-1.86718,-83.1927,40.5453
-1.70683,-1.6129,-84.321,42.725
-1.70909,-1.3549,-84.3137,42.9334
-1.66987,-1.0999,-85.8331,43.5813
-1.59021,-0.854507,-86.3082,44.9833
-1.47216,-0.625097,-85.8103,49.2285
-1.31879,-0.417629,-83.5467,50.3848
-1.13408,-0.237492,-83.661,50.5315
-0.922843,-0.0893636,-84.1449,54.6453
-0.69055,0.0229091,-83.4947,54.7868
-0.44324,0.0964099,-84.9335,56.0471
-0.187334,0.12923,-85.0544,58.8861
0.0705204,0.120517,-84.5126,58.1272
0.323627,0.0704969,-82.5755,55.7098
0.565412,-0.0195308,-80.6924,57.39
0.789595,-0.147228,-80.4429,56.6165
0.990355,-0.309279,-81.837,58.1656
1.16248,-0.501473,-79.5002,59.1285
1.30149,-0.718821,-76.8162,57.6306
1.40379,-0.955676,-76.0307,57.6123
1.46671,-1.20589,-74.3603,59.6743
1.48862,-1.46296,-74.4627,62.012
1.46895,-1.72021,-76.5209,61.9027
1.40822,-1.97096,-74.9376,60.0686
1.30799,-2.2087,-73.1791,55.9402
1.17088,-2.42725,-74.0914,55.4284
1.00044,-2.62094,-77.288,56.1413
0.801101,-2.78474,-76.3911,55.9077
0.57804,-2.91438,-74.3716,56.9987
0.33705,-3.00652,-76.0257,56.9209
0.0843893,-3.05874,-78.8176,56.9442
-0.173379,-3.06971,-78.1972,57.4811
-0.429562,-3.03912,-77.8063,55.6419
-0.677504,-2.96778,-80.0726,54.9577
-0.910767,-2.85754,-79.8608,53.2344
-1.12329,-2.71126,-79.8616,53.2827
-1.30956,-2.53274,-80.1108,51.6408
-1.46473,-2.32662,-81.2891,51.9134
-1.58478,-2.09825,-80.8158,49.9648
-1.66659,-1.85356,-79.476,50.758
-1.70802,-1.5989,-79.4811,50.7549
-1.70802,-1.3409,-78.5547,50.5746
-1.66657,-1.08625,-76.4754,52.4911
-1.58475,-0.841567,-77.3963,53.449
-1.46469,-0.613202,-78.4709,53.5331
-1.30951,-0.407087,-78.1112,54.1279
-1.12323,-0.228577,-76.5459,57.1159
-0.910702,-0.0823071,-76.3013,57.3613
-0.677434,0.0279237,-76.6921,57.3253
-0.429488,0.0992525,-77.2491,57.0247
-0.173304,0.129827,-76.6998,56.5616
0.0844637,0.118852,-77.2158,56.2827
0.337122,0.066614,-76.7108,54.97
0.578107,-0.025531,-77.2605,54.2976
0.801162,-0.15519,-75.499,55.069
1.00049,-0.318995,-75.5923,53.7912
1.17092,-0.512692,-74.9429,49.8456
1.30803,-0.73125,-73.8616,49.6508
1.40824,-0.968994,-74.1345,51.2244
1.46896,-1.21975,-76.2747,54.7543
1.48862,-1.477,-76.2029,51.2932
1.46669,-1.73407,-74.5358,51.47
1.40376,-1.98428,-74.765,51.5664
1.30146,-2.22113,-74.6537,52.8463
1.16243,-2.43847,-74.9898,49.1284
0.990301,-2.63066,-74.7824,49.2419
0.789533,-2.7927,-74.5612,50.4076
0.565344,-2.92038,-72.0383,49.2186
0.323555,-3.0104,-70.2124,48.6576
0.0704459,-3.06041,-70.4067,48.6637
-0.187409,-3.06911,-70.6063,48.6783
-0.443313,-3.03628,-70.779,48.4611
-0.69062,-2.96276,-71.1628,48.4083
-0.922907,-2.85048,-69.4294,47.8782
-1.13414,-2.70234,-69.4081,47.7843
-1.31884,-2.5222,-70.0057,46.373
-1.4722,-2.31472,-72.397,45.4349
-1.59024,-2.08531,-75.0834,43.8415
-1.66989,-1.83991,-74.0542,45.1161
-1.70909,-1.5849,-74.3326,44.9076
-1.70683,-1.32691,-74.3496,45.2349
-1.66314,-1.07263,-73.2604,45.2398
-1.57918,-0.828676,-73.8531,45.0067
-1.45713,-0.601373,-72.2242,47.5036
-1.30014,-0.396627,-72.2972,47.2961
-1.11231,-0.219758,-71.0175,46.0208
-0.8985,-0.0753574,-68.3944,47.3495
-0.664274,0.0328231,-68.9046,48.1253
-0.415712,0.101974,-68.4509,46.636
-0.15927,0.1303,-68.4804,46.8085
0.098392,0.117065,-69.8973,47.0674
0.350582,0.0626129,-72.3081,46.6468
0.59075,-0.0316423,-72.628,46.3282
0.812659,-0.163253,-73.5551,46.5201
1.01055,-0.3288,-72.8631,45.9579
1.17927,-0.523984,-75.3418,47.3228
1.31445,-0.743737,-76.3287,46.8397
1.41257,-0.98235,-77.4823,47.2528
1.4711,-1.23363,-76.0867,45.0367
1.48849,-1.49104,-77.494,44.3319
1.46432,-1.74791,-76.53,43.7848
1.39919,-1.99756,-76.731,46.3894
1.29481,-2.2335,-74.0186,48.6998
1.15389,-2.44961,-74.1048,48.1259
0.980077,-2.64028,-73.2967,48.8776
0.777896,-2.80056,-73.7322,48.9019
0.552595,-2.92627,-73.7657,49.4961
0.310026,-3.01416,-74.41,48.3121
0.0564884,-3.06195,-77.6376,45.9683
-0.201433,-3.06839,-80.0283,46.1821
-0.457039,-3.03331,-79.4748,46.9319
-0.703692,-2.95763,-79.2468,46.6322
-0.934985,-2.84332,-80.1276,49.0782
-1.14491,-2.69333,-80.1854,48.9014
-1.32802,-2.51157,-82.9151,48.9663
-1.47955,-2.30276,-81.0318,50.3295
-1.59558,-2.07232,-79.3338,50.67
-1.67308,-1.82623,-79.7585,52.9489
-1.71004,-1.57089,-80.9064,55.2909
-1.70551,-1.31293,-81.0025,55.7164
-1.6596,-1.05905,-81.2409,54.6553
-1.5735,-0.815834,-83.6153,52.652
-1.44946,-0.58961,-79.8726,54.9627
-1.29068,-0.38625,-79.3,56.7786
-1.1013,-0.211034,-80.3828,56.8567
-0.886237,-0.0685151,-84.7874,58.2241
-0.651071,0.0376068,-85.7383,56.7639
-0.401913,0.104575,-82.6125,57.0949
-0.145232,0.130651,-81.9317,59.1969
0.112304,0.115156,-80.7863,56.0655
0.364007,0.0584939,-80.5053,55.7247
0.603339,-0.0378643,-79.7846,51.9779
0.824085,-0.171416,-80.7645,52.0612
1.02051,-0.338692,-80.3423,54.5289
1.18752,-0.535349,-82.1529,50.8845
1.32076,-0.756279,-82.5489,50.8318
1.41679,-0.995744,-81.9783,51.5345
1.47311,-1.24752,-82.4694,49.3477
1.48825,-1.50508,-82.3686,49.5932
1.46182,-1.76173,-79.392,51.8288
1.39451,-2.01079,-80.1773,51.7686
1.28806,-2.24581,-77.0286,53.934
1.14525,-2.46068,-77.0785,53.8118
0.96977,-2.64982,-78.547,56.172
0.766191,-2.80831,-75.4131,56.4932
0.539796,-2.93205,-76.8581,54.7368
0.296465,-3.01781,-75.4473,52.9195
0.0425179,-3.06337,-78.2999,53.7576
-0.21545,-3.06754,-79.4928,51.7583
-0.470739,-3.03023,-79.1694,52.3803
-0.716718,-2.95239,-80.5432,48.9395
-0.947,-2.83605,-79.6215,50.1573
-1.1556,-2.68423,-80.413,51.4505
-1.33711,-2.50087,-79.4062,49.7551
-1.48681,-2.29074,-76.8131,46.3385
-1.6008,-2.05929,-75.7145,48.7525
-1.67614,-1.81253,-75.6631,49.2414
-1.71087,-1.55687,-77.8223,46.0282
-1.70407,-1.29896,-77.8531,44.4452
-1.65594,-1.04549,-78.1879,44.3045
-1.56771,-0.803043,-74.7534,44.877
-1.44168,-0.577915,-74.0691,47.1017
-1.28113,-0.375955,-71.1454,47.9496
-1.09022,-0.202408,-71.0798,48.7584
-0.873915,-0.0617805,-71.0931,48.8733
-0.637827,0.0422746,-71.2928,48.7639
-0.388091,0.107055,-70.9005,48.5247
-0.131191,0.130878,-71.3276,48.3839
0.126199,0.113125,-70.8855,48.3622
0.377395,0.0542573,-69.2835,48.5469
0.615873,-0.0441965,-69.1281,51.3534
0.835439,-0.179679,-69.2614,52.0792
1.03039,-0.348672,-70.3642,50.9395
1.19566,-0.546786,-71.8573,50.8146
1.32697,-0.768877,-70.1669,53.221
1.42089,-1.00917,-71.7122,53.7726
1.475,-1.26144,-71.6889,53.8687
1.48788,-1.51912,-72.1907,54.4151
1.4592,-1.77552,-72.1797,53.3297
1.38971,-2.02399,-72.397,52.6444
1.2812,-2.25807,-73.3907,53.3319
1.13651,-2.47167,-70.3252,53.1469
0.959379,-2.65926,-69.9429,53.448
0.754418,-2.81597,-69.0121,54.3095
0.526946,-2.93771,-65.8158,54.7817
0.282872,-3.02133,-65.6925,55.0244
0.0285354,-3.06467,-64.2429,53.8336
-0.229459,-3.06658,-64.2068,50.7182
-0.484411,-3.02702,-63.0434,54.8371
-0.729698,-2.94703,-63.0657,55.882
-0.95895,-2.82867,-64.7353,54.7298
-1.16621,-2.67503,-66.9481,56.2924
-1.3461,-2.49009,-64.7414,55.0297
-1.49395,-2.27865,-65.0118,54.2531
-1.60592,-2.04621,-66.0243,53.6329
-1.67909,-1.7988,-64.7768,53.3923
-1.71157,-1.54285,-63.4207,55.2425
-1.70251,-1.28501,-63.5287,54.9753
-1.65215,-1.03197,-62.2888,56.581
-1.5618,-0.790302,-63.911,57.752
-1.43381,-0.566289,-64.2748,58.8347
-1.27149,-0.365745,-64.4293,58.9067
-1.07907,-0.193879,-64.1715,58.7317
-0.861534,-0.0551543,-63.866,57.3368
-0.624543,0.046826,-65.7506,55.4281
-0.374248,0.109413,-66.2987,58.7963
-0.117149,0.130982,-65.6817,57.8623
0.140075,0.110972,-64.408,57.8774
0.390745,0.0499034,-64.4071,57.9
0.62835,-0.0506383,-64.1946,57.8455
0.84672,-0.188042,-63.3744,57.7706
1.04018,-0.358738,-59.0727,58.6728
1.20371,-0.558295,-59.8706,60.9662
1.33306,-0.781528,-58.6781,58.2123
1.42488,-1.02264,-58.7154,55.1223
1.47677,-1.27537,-58.6808,55.1632
1.48739,-1.53315,-59.4367,55.3178
1.45646,-1.78929,-59.5064,55.4731
1.38479,-2.03714,-60.6566,57.212
1.27424,-2.27026,-61.2238,55.953
1.12767,-2.48259,-61.6216,57.0618
0.948906,-2.66862,-64.8268,58.3465
0.742578,-2.82352,-65.0301,57.0526
0.514047,-2.94326,-62.5377,60.0703
0.269249,-3.02474,-61.8697,59.659
0.0145422,-3.06584,-62.5033,59.6928
-0.243459,-3.06549,-62.5455,60.3247
-0.498054,-3.0237,-60.7753,61.3544
-0.74263,-2.94156,-60.863,61.3691
-0.970836,-2.8212,-63.2335,61.1007
-1.17674,-2.66574,-66.8426,62.7506
-1.35501,-2.47922,-64.519,59.8991
-1.50099,-2.2665,-64.3706,60.4501
-1.61091,-2.03308,-64.582,60.3325
-1.68191,-1.78504,-64.8259,57.6179
-1.71214,-1.52882,-63.4481,55.2469
-1.70083,-1.27107,-65.5825,57.2803
-1.64825,-1.01848,-65.629,57.283
-1.55579,-0.777614,-65.9795,56.7223
-1.42583,-0.554732,-64.5481,56.1138
-1.26176,-0.35562,-65.2516,56.1007
-1.06784,-0.185448,-65.999,56.2387
-0.849096,-0.0486369,-65.59,57.9371
-0.611219,0.0512607,-64.3871,57.4447
-0.360385,0.11165,-64.1298,58.0063
-0.103107,0.130963,-64.417,57.8952
0.153932,0.108698,-61.0713,57.776
0.404057,0.0454326,-60.8501,56.7405
0.640771,-0.0571894,-58.3236,56.392
0.857927,-0.196503,-56.4194,55.9937
1.04988,-0.36889,-56.4103,55.3199
1.21166,-0.569873,-57.0319,55.106
1.33905,-0.794232,-58.5094,52.3215
1.42874,-1.03614,-60.0097,50.1518
1.47841,-1.28932,-59.9285,49.6743
1.48677,-1.54718,-59.175,49.0124
1.4536,-1.80304,-57.8996,50.0975
1.37975,-2.05025,-57.9856,50.1751
1.26716,-2.28239,-56.3664,51.5799
1.11874,-2.49343,-56.3655,51.5807
0.938351,-2.67788,-56.1832,52.1152
0.730672,-2.83096,-55.0294,52.5306
0.5011,-2.9487,-55.2274,53.3193
0.255597,-3.02803,-55.3746,53.0379
0.000539197,-3.06689,-58.3743,51.7354
-0.257449,-3.06428,-58.2525,52.4058
-0.511668,-3.02026,-58.0197,51.9175
-0.755514,-2.93597,-57.2163,52.3757
-0.982655,-2.81361,-60.9934,50.4344
-1.18719,-2.65636,-61.2109,52.5913
-1.36381,-2.46829,-60.5456,52.3689
-1.50793,-2.25429,-63.1915,52.4737
-1.61579,-2.01992,-63.4894,51.9566
-1.68461,-1.77126,-63.3958,52.3478
-1.7126,-1.51478,-63.2923,52.3039
-1.69902,-1.25714,-62.7806,51.7964
-1.64423,-1.00502,-60.6535,47.7795
-1.54966,-0.76498,-59.015,47.8963
-1.41775,-0.543246,-59.6899,46.7743
-1.25194,-0.34558,-56.7298,50.1443
-1.05653,-0.177116,-56.6359,49.4211
-0.836601,-0.0422289,-56.0684,45.2018
-0.597857,0.0555784,-56.3532,43.6396
-0.346503,0.113765,-57.8875,40.0592
-0.0890653,0.130821,-57.4447,43.1794
0.167769,0.106302,-57.3558,43.2907
0.417329,0.0408452,-57.0857,42.7347
0.653134,-0.0638491,-56.1559,44.5298
0.869059,-0.205062,-55.8654,44.618
1.0595,-0.379126,-56.5938,43.8762
1.2195,-0.58152,-58.0428,43.5735
1.34492,-0.806988,-56.8989,46.3698
1.43249,-1.04967,-56.9302,43.8043
1.47993,-1.30328,-55.4614,40.6466
1.48603,-1.5612,-55.542,39.7809
1.45061,-1.81676,-54.3602,40.9291
1.37461,-2.06332,-53.8663,40.736
1.25998,-2.29446,-54.4645,41.5622
1.10972,-2.50418,-54.8016,40.8877
0.927715,-2.68705,-54.8174,40.7097
0.718702,-2.8383,-55.9944,40.5843
0.488106,-2.95402,-59.178,38.0027
0.241916,-3.03119,-63.152,36.2191
-0.0134725,-3.06782,-59.384,38.7216
-0.271428,-3.06294,-61.9112,36.4452
-0.525251,-3.01669,-60.5815,34.6772
-0.768348,-2.93027,-63.7091,34.9533
-0.994407,-2.80593,-65.2418,35.8512
-1.19756,-2.64688,-65.6689,34.4687
-1.37252,-2.45727,-65.6979,34.2693
-1.51475,-2.24202,-67.4827,35.553
-1.62056,-2.00671,-67.7662,35.3505
-1.6872,-1.75746,-67.3459,35.548
-1.71293,-1.50075,-68.1102,36.0038
-1.69709,-1.24323,-69.1058,38.9838
-1.6401,-0.991603,-69.7101,37.1471
-1.54342,-0.752399,-70.0623,36.3462
-1.40957,-0.531831,-72.4365,37.1617
-1.24204,-0.335628,-71.1868,38.579
-1.04516,-0.168884,-70.729,37.8303
-0.82405,-0.0359307,-69.1175,36.9267
-0.584458,0.0597787,-66.1462,38.0495
-0.332602,0.115759,-65.5536,37.9934
-0.0750254,0.130556,-65.6047,37.8455
0.181584,0.103785,-65.0347,37.0222
0.43056,0.0361416,-67.0232,36.5963
0.665438,-0.070617,-65.5247,36.5136
0.880116,-0.213718,-64.7675,37.6899
1.06902,-0.389446,-65.6895,37.6063
1.22724,-0.593236,-62.8358,38.4293
1.35068,-0.819795,-63.2124,37.8742
1.43611,-1.06324,-63.3507,37.2648
1.48134,-1.31725,-63.4116,36.9588
1.48517,-1.57522,-63.2478,36.826
1.44751,-1.83046,-61.8396,37.7569
1.36935,-2.07634,-61.7898,37.4619
1.2527,-2.30646,-61.7733,37.4478
1.1006,-2.51486,-61.3037,37.3525
0.917,-2.69612,-62.2021,37.1241
0.706668,-2.84554,-62.7706,34.0114
0.475065,-2.95923,-62.5357,37.1612
0.228209,-3.03424,-61.7838,39.4739
-0.0274918,-3.06862,-62.0535,39.0018
-0.285395,-3.06149,-61.7837,38.8703
-0.538802,-3.01301,-62.0123,41.0633
-0.781132,-2.92446,-63.6636,38.6246
-1.00609,-2.79814,-62.8422,40.3092
-1.20784,-2.63732,-62.5161,40.1774
-1.38113,-2.44618,-66.5118,40.6388
-1.52147,-2.22968,-66.3193,39.3694
-1.62521,-1.99346,-66.8528,42.4297
-1.68966,-1.74364,-68.7335,44.3865
-1.71314,-1.4867,-68.7109,45.8684
-1.69504,-1.22934,-69.279,46.5491
-1.63584,-0.978221,-67.9341,43.5122
-1.53707,-0.739874,-68.3142,43.7503
-1.4013,-0.520489,-67.4965,44.938
-1.23204,-0.325762,-67.7748,44.9688
-1.03371,-0.160751,-67.8384,44.9978
-0.811445,-0.0297428,-69.4478,45.5393
-0.571022,0.0638614,-66.8789,47.1466
-0.318685,0.11763,-67.2709,46.8638
-0.0609884,0.130167,-63.554,47.0538
0.195376,0.101146,-61.2604,45.3305
0.443749,0.0313221,-61.9311,43.7518
0.677682,-0.0774926,-63.4229,44.6044
0.891097,-0.222472,-62.899,45.354
1.07845,-0.399849,-62.7997,46.0473
1.23488,-0.605019,-64.1105,45.1503
1.35632,-0.832653,-66.5495,45.2749
1.43962,-1.07684,-66.6105,44.9315
1.48261,-1.33123,-66.5909,45.0323
1.48418,-1.58923,-66.6191,46.423
1.44429,-1.84413,-65.5985,43.8751
1.36397,-2.08931,-63.8308,41.1845
1.24531,-2.3184,-65.0338,39.7266
1.09139,-2.52546,-62.137,43.0826
0.906205,-2.70511,-62.0632,41.9904
0.69457,-2.85267,-63.6781,41.8479
0.46198,-2.96433,-64.5069,41.2122
0.214475,-3.03717,-63.9109,40.6905
-0.0415176,-3.06931,-63.1124,42.5174
-0.299348,-3.05991,-66.3808,42.2295
-0.55232,-3.00921,-67.7382,41.6071
-0.793865,-2.91854,-67.8815,42.2073
-1.01771,-2.79025,-69.3425,41.4501
-1.21803,-2.62766,-69.2172,42.3777
-1.38964,-2.43501,-69.4312,42.9903
-1.52808,-2.21729,-68.8809,42.7883
-1.62974,-1.98017,-67.0773,42.4506
-1.692,-1.72979,-69.592,45.4843
-1.71323,-1.47266,-68.5055,45.4436
-1.69287,-1.21546,-68.1317,45.2567
-1.63147,-0.964876,-68.4265,44.6797
-1.53061,-0.727405,-68.2732,44.1181
-1.39292,-0.509219,-65.7889,44.1327
-1.22196,-0.315984,-66.6297,41.5511
-1.02219,-0.15272,-66.3194,37.9446
-0.798785,-0.0236658,-64.5658,39.0359
-0.557551,0.067826,-64.5807,38.9972
-0.304752,0.119379,-65.0058,38.9707
-0.0469553,0.129655,-65.5541,40.7831
0.209145,0.0983873,-63.9859,41.1561
0.456896,0.0263871,-64.9803,43.7508
0.689865,-0.0844753,-63.0584,43.4508
0.902,-0.231321,-64.3598,46.2876
1.08779,-0.410335,-64.9424,49.8652
1.24242,-0.616869,-67.2128,50.7937
1.36186,-0.845559,-64.255,52.4212
1.44301,-1.09046,-65.1894,51.8229
1.48377,-1.34523,-64.599,51.9573
1.48308,-1.60323,-65.1726,51.2556
1.44095,-1.85777,-67.7332,51.7913
1.35848,-2.10223,-67.1274,52.2817
1.23781,-2.33028,-67.1698,52.2369
1.08208,-2.53598,-68.0265,49.0751
0.895332,-2.71399,-68.1687,49.7871
0.682411,-2.8597,-70.6303,49.4777
0.44885,-2.96931,-69.5003,51.5067
0.200715,-3.03997,-70.3094,53.6601
-0.0555489,-3.06987,-70.1761,53.6679
-0.313287,-3.0582,-70.7618,54.861
-0.565805,-3.00529,-70.4365,55.2073
-0.806544,-2.91251,-69.3293,54.1731
-1.02925,-2.78226,-67.5727,51.3364
-1.22815,-2.61792,-69.8924,50.1799
-1.39806,-2.42377,-69.6332,47.9233
-1.53458,-2.20485,-69.7082,48.0773
-1.63416,-1.96684,-71.2716,47.063
-1.69422,-1.71592,-71.4021,46.981
-1.71319,-1.45862,-71.1739,46.6797
-1.69058,-1.20161,-71.1583,46.9227
-1.62698,-0.95157,-70.1349,47.4288
-1.52404,-0.714993,-73.7406,46.2503
-1.38444,-0.498023,-74.4057,47.8082
-1.2118,-0.306295,-74.6929,46.6803
-1.0106,-0.14479,-74.1357,46.405
-0.786073,-0.0177,-74.9228,47.6702
-0.544045,0.0716723,-74.2157,48.0623
-0.290804,0.121006,-72.147,49.6679
-0.0329273,0.129021,-75.2852,48.011
0.222889,0.0955075,-76.949,48.0731
0.469999,0.021337,-74.8472,48.7437
0.701986,-0.0915646,-76.6021,49.2686
0.912825,-0.240265,-76.3441,50.9966
1.09704,-0.420902,-77.3696,52.0494
1.24985,-0.628784,-77.9074,51.5229
1.36728,-0.858513,-77.2532,48.6368
1.44628,-1.10412,-77.117,49.3101
1.4848,-1.35923,-79.6703,51.0243
1.48185,-1.61722,-77.4623,51.2087
1.43749,-1.87138,-79.9491,50.0535
1.35288,-2.11511,-79.1152,48.4772
1.23022,-2.34209,-78.7808,48.8771
1.07269,-2.54641,-80.1834,50.356
0.884381,-2.72278,-80.9047,50.075
0.67019,-2.86661,-81.2454,50.0647
0.435677,-2.97417,-80.2813,47.7757
0.186932,-3.04266,-80.1202,44.5735
-0.0695845,-3.0703,-78.9358,43.7523
-0.32721,-3.05638,-77.4754,44.3321
-0.579254,-3.00126,-78.2493,44.9709
-0.819171,-2.90636,-78.49,44.4937
-1.04073,-2.77416,-77.33,44.313
-1.23817,-2.60809,-73.3954,42.815
-1.40638,-2.41246,-74.2366,42.3944
-1.54097,-2.19234,-70.8739,42.5135
-1.63846,-1.95347,-70.73,43.0874
-1.69631,-1.70204,-70.0239,41.4546
-1.71303,-1.44458,-69.6129,41.9515
-1.68817,-1.18778,-69.6919,41.9043
-1.62238,-0.938305,-69.5976,40.5249
-1.51737,-0.702639,-70.7191,40.4749
-1.37587,-0.486902,-70.5847,40.2637
-1.20155,-0.296696,-71.3086,43.1057
-0.998944,-0.136961,-71.8164,43.6096
-0.773309,-0.011846,-74.9274,43.0054
-0.530507,0.0754,-73.7967,43.6392
-0.276843,0.122511,-74.1423,43.8195
-0.0189053,0.128263,-74.2036,43.6512
0.236607,0.0925073,-73.7088,43.3925
0.483057,0.0161721,-73.6618,41.674
0.714045,-0.09876,-73.1984,41.5004
0.923572,-0.249304,-71.9897,43.5487
1.10619,-0.43155,-70.5913,41.1623
1.25717,-0.640765,-69.5129,39.1068
1.37258,-0.871514,-68.5671,39.4066
1.44943,-1.11781,-69.5948,37.6439
1.48571,-1.37324,-69.6026,37.6207
1.48049,-1.63119,-70.5909,35.2274
1.43391,-1.88495,-68.0954,35.4237
1.34716,-2.12794,-65.5438,37.1301
1.22251,-2.35383,-64.631,37.4237
1.0632,-2.55677,-65.6801,37.8569
0.873354,-2.73148,-67.1653,36.431
0.65791,-2.87342,-63.8628,36.2293
0.422462,-2.97892,-63.1082,37.1559
0.173126,-3.04522,-66.4979,35.9142
-0.0836234,-3.07061,-68.3215,36.0042
-0.341117,-3.05443,-69.7223,34.7688
-0.592668,-2.9971,-69.9457,34.2721
-0.831743,-2.90011,-69.7693,32.6601
-1.05213,-2.76597,-70.3036,33.5754
-1.24811,-2.59817,-71.0252,32.0581
-1.41459,-2.40107,-72.2353,35.1156
-1.54725,-2.17978,-70.8253,34.5393
-1.64264,-1.94007,-74.8318,34.7085
-1.69829,-1.68814,-74.8643,34.161
-1.71274,-1.43054,-75.0756,34.7057
-1.68563,-1.17397,-75.3172,34.6739
-1.61766,-0.92508,-75.0132,34.9304
-1.51058,-0.690344,-76.4782,34.2027
-1.3672,-0.475857,-78.5987,34.6437
-1.19122,-0.287187,-78.6003,34.6486
-0.987218,-0.129235,-78.6131,34.694
-0.760494,-0.00610414,-78.395,34.2612
-0.516936,0.0790088,-80.1799,33.9387
-0.262869,0.123893,-79.7438,33.9591
-0.00489057,0.127382,-79.7509,34.2586
0.250298,0.0893869,-80.3239,33.933
0.496069,0.0108929,-83.9665,31.6699
0.72604,-0.106061,-83.9685,31.6909
0.934238,-0.258437,-85.0594,31.498
1.11526,-0.442278,-82.8972,30.8936
1.26439,-0.652809,-83.129,30.5401
1.37777,-0.884562,-86.1279,27.4806
1.45246,-1.13152,-85.7024,27.0839
1.4865,-1.38726,-86.8912,26.8538
1.47902,-1.64516,-86.9101,26.8803
1.43021,-1.8985,-88.2346,27.8428
1.34133,-2.14071,-89.3279,30.6894
1.21471,-2.3655,-89.4519,32.7888
1.05362,-2.56703,-90.8819,35.8655
0.86225,-2.74007,-92.8712,34.3782
0.64557,-2.88012,-93.0351,33.8015
0.409206,-2.98355,-91.1045,33.4478
0.159297,-3.04767,-91.5378,34.0056
-0.0976645,-3.0708,-90.4471,35.4645
-0.355006,-3.05237,-91.2989,35.9613
-0.606045,-2.99283,-91.3637,35.9637
-0.84426,-2.89374,-91.6935,35.0659
-1.06346,-2.75767,-91.5711,35.1439
-1.25797,-2.58816,-93.0362,36.509
-1.42271,-2.38961,-90.8456,37.7242
-1.55342,-2.16717,-86.894,38.5426
-1.64671,-1.92662,-86.4412,38.2953
-1.70014,-1.67422,-86.2141,38.9357
-1.71234,-1.4165,-85.7912,39.2479
-1.68297,-1.16018,-86.9489,39.9188
-1.61282,-0.911897,-87.1252,39.0235
-1.50369,-0.67811,-86.6692,39.2867
-1.35843,-0.464888,-85.7339,40.0188
-1.1808,-0.277769,-86.5465,38.5182
-0.975425,-0.121613,-84.7226,38.1912
-0.74763,-0.000474903,-85.2033,38.0878
-0.503334,0.0824984,-87.3901,40.1272
-0.248883,0.125152,-85.604,39.2789
0.00911593,0.126379,-85.4509,38.7957
0.263961,0.0861464,-87.7784,37.9119
0.509035,0.00549974,-87.8195,37.8797
0.737971,-0.113467,-87.8347,37.8638
0.944825,-0.267663,-88.2222,38.5227
1.12422,-0.453084,-87.1031,36.8632
1.27151,-0.664915,-85.3137,36.3858
1.38285,-0.897654,-85.7538,38.9139
1.45536,-1.14526,-86.8147,43.0257
1.48716,-1.40129,-86.8763,43.0515
1.47742,-1.65911,-87.74,42.4018
1.42639,-1.91201,-87.7382,42.4597
1.3354,-2.15344,-86.9387,42.3108
1.2068,-2.37711,-83.311,40.4721
1.04395,-2.57722,-82.4643,40.8796
0.851072,-2.74857,-85.8721,38.5936
0.633171,-2.88672,-84.3024,39.1714
0.395909,-2.98807,-84.0931,40.8479
0.145448,-3.04999,-85.1648,38.5321
-0.111707,-3.07087,-84.9401,38.5543
-0.368877,-3.05018,-84.1499,40.1376
-0.619384,-2.98844,-82.8897,37.012
-0.85672,-2.88727,-81.0681,35.6669
-1.07472,-2.74928,-79.8207,36.6867
-1.26773,-2.57807,-79.2753,37.6134
-1.43073,-2.37808,-79.2206,38.4453
-1.55948,-2.1545,-79.2493,38.2166
-1.65066,-1.91315,-78.8265,38.958
-1.70187,-1.66028,-78.4861,38.7905
-1.7118,-1.40247,-79.3636,37.2106
-1.6802,-1.14641,-79.4815,37.0143
-1.60787,-0.898757,-78.7393,39.1813
-1.49669,-0.665936,-81.896,36.4185
-1.34957,-0.453996,-82.6309,36.0322
-1.1703,-0.268443,-82.7637,38.677
-0.963565,-0.114094,-83.6063,39.6575
-0.734716,0.00504127,-81.2333,38.0731
-0.489702,0.0858686,-81.2752,38.3091
-0.234886,0.126289,-81.602,36.4253
0.0231131,0.125253,-82.7335,36.5017
0.277596,0.0827863,-82.8224,37.4788
0.521952,-6.91589e-006,-84.5659,37.9438
0.749836,-0.120977,-84.9151,38.3766
0.95533,-0.276982,-84.7131,38.5539
1.13309,-0.463969,-82.9103,38.2189
1.27851,-0.677084,-80.2536,38.9504
1.38781,-0.910791,-81.1735,38.0628
1.45815,-1.15902,-81.8303,39.5719
1.4877,-1.41532,-79.6102,39.8702
1.4757,-1.67305,-76.8819,41.5603
1.42245,-1.92549,-75.9397,40.4129
1.32934,-2.16611,-75.2178,39.8536
1.1988,-2.38864,-75.1264,41.4186
1.0342,-2.58732,-73.1229,40.6737
0.83982,-2.75697,-74.6914,40.9142
0.620716,-2.8932,-74.0914,40.0668
0.382574,-2.99247,-73.9153,40.2311
0.131579,-3.05219,-76.7222,39.2152
-0.125749,-3.07082,-73.1036,39.6467
-0.382728,-3.04787,-73.0511,39.3478
-0.632683,-2.98393,-71.4128,37.1684
-0.869123,-2.88068,-69.0838,37.4817
-1.08591,-2.74079,-66.5052,35.5979
-1.27741,-2.56789,-65.7274,36.6703
-1.43864,-2.36648,-67.8396,35.8561
-1.56543,-2.14178,-67.8106,38.8477
-1.65448,-1.89964,-68,38.2466
-1.70348,-1.64633,-67.7231,37.1785
-1.71115,-1.38844,-69.4723,36.2384
-1.6773,-1.13267,-69.4656,36.1661
-1.6028,-0.88566,-70.1158,35.4583
-1.48959,-0.653824,-71.1384,38.3773
-1.34061,-0.443183,-72.0764,38.5777
-1.15973,-0.259209,-72.134,37.5027
-0.951639,-0.106679,-73.8291,41.3226
-0.721755,0.010444,-74.0244,41.1443
-0.476041,0.0891191,-73.6369,39.7458
-0.220881,0.127303,-74.0966,42.2343
0.0370998,0.124003,-75.0305,46.3149
0.2912,0.0793067,-76.2132,45.8296
0.534821,-0.00562666,-74.3846,45.3138
0.761636,-0.128591,-74.7026,44.8231
0.965752,-0.286392,-74.6428,45.1839
1.14187,-0.474932,-74.953,43.9491
1.28542,-0.689314,-74.1875,43.2226
1.39266,-0.92397,-72.759,43.4031
1.46082,-1.17281,-72.4673,43.5938
1.48812,-1.42936,-71.6743,44.1781
1.47386,-1.68697,-73.1339,43.3647
1.4184,-1.93894,-72.5219,43.602
1.32318,-2.17873,-72.3623,41.3913
1.19069,-2.40011,-71.4965,42.4522
1.02435,-2.59733,-71.334,43.5013
0.828494,-2.76528,-69.9988,42.563
0.608203,-2.89958,-70.6603,41.6379
0.3692,-2.99675,-68.0622,41.2556
0.117692,-3.05427,-69.3108,39.5806
-0.13979,-3.07064,-70.357,41.7323
-0.396558,-3.04543,-71.754,39.7737
-0.645943,-2.97931,-70.7055,41.2106
-0.881468,-2.87399,-71.0707,38.996
-1.09702,-2.7322,-70.9536,38.332
-1.28699,-2.55763,-70.7843,38.29
-1.44646,-2.35481,-73.2403,41.3872
-1.57127,-2.12901,-74.498,40.5354
-1.65819,-1.88609,-72.1189,40.7311
-1.70497,-1.63237,-71.116,40.9055
-1.71038,-1.37442,-73.9468,38.1209
-1.67428,-1.11896,-73.2071,39.5722
-1.59762,-0.872609,-72.2844,36.651
-1.48238,-0.641774,-70.9145,34.8891
-1.33155,-0.432448,-69.9755,37.3333
-1.14907,-0.250068,-70.5971,36.8367
-0.939649,-0.0993696,-71.2686,36.9159
-0.708746,0.0157328,-68.4566,35.6498
-0.462352,0.0922497,-69.5708,34.6732
-0.206867,0.128194,-68.6973,33.8215
0.0510751,0.122632,-64.9328,33.5369
0.304774,0.0757079,-64.6359,33.8126
0.54764,-0.0113591,-64.6737,33.7522
0.773367,-0.136308,-63.191,33.429
0.976092,-0.295893,-64.1055,30.8601
1.15055,-0.485971,-61.2196,33.0464
1.29221,-0.701604,-61.8093,33.0134
1.39739,-0.937192,-60.7465,30.6917
1.46336,-1.18662,-59.9984,31.0626
1.48841,-1.4434,-60.5066,28.7328
1.47189,-1.70087,-60.8758,28.5598
1.41422,-1.95234,-63.976,27.729
1.31691,-2.19129,-64.293,26.0499
1.18248,-2.4115,-64.1462,26.1841
1.01442,-2.60726,-63.7602,25.6702
0.817096,-2.77348,-61.4895,25.3801
0.595636,-2.90584,-63.488,22.7499
0.35579,-3.00091,-62.5492,22.5394
0.103786,-3.05622,-62.1567,21.1233
-0.153829,-3.07033,-61.33,20.0696
-0.410366,-3.04288,-60.0649,19.8978
-0.659162,-2.97457,-62.1285,20.9216
-0.893754,-2.86719,-62.2168,20.6207
-1.10805,-2.72352,-63.9526,18.2654
-1.29649,-2.54729,-61.478,18.2614
-1.45417,-2.34308,-61.4176,18.1454
-1.577,-2.11619,-61.2167,17.8924
-1.66178,-1.87252,-62.7621,20.6148
-1.70633,-1.61839,-63.4961,19.0967
-1.70948,-1.36041,-61.8506,19.2184
-1.67114,-1.10527,-58.8284,20.5082
-1.59232,-0.859604,-59.1441,20.9071
-1.47506,-0.629789,-60.449,19.9505
-1.32241,-0.421794,-59.8061,21.1807
-1.13833,-0.241021,-60.2323,21.2485
-0.927596,-0.0921653,-60.0583,22.227
-0.695692,0.0209073,-59.4253,21.6407
-0.448636,0.09526,-59.3976,18.4781
-0.192845,0.128962,-58.9057,17.3687
0.0650377,0.121138,-59.5215,17.5055
0.318315,0.0719902,-59.4663,18.042
0.560409,-0.0172037,-58.9048,17.7433
0.785031,-0.144128,-58.8987,17.7209
0.986348,-0.305485,-56.0443,16.9968
1.15913,-0.497085,-54.7106,17.1621
1.29889,-0.713953,-52.5421,19.873
1.40201,-0.950454,-52.5582,19.8842
1.46579,-1.20045,-55.0806,19.6547
1.48858,-1.45744,-54.8884,19.8878
1.4698,-1.71476,-54.7817,22.8391
1.40993,-1.96572,-56.0668,23.2302
1.31053,-2.2038,-57.993,21.3765
1.17417,-2.42282,-59.5558,20.2419
1.0044,-2.6171,-59.6131,19.5103
0.805627,-2.78158,-60.8541,20.7882
0.583014,-2.912,-60.6823,21.201
0.342343,-3.00496,-60.2429,20.1317
0.089864,-3.05806,-59.1983,15.879
-0.167865,-3.06991,-58.0765,18.2885
-0.424152,-3.0402,-56.742,19.9548
-0.672338,-2.96972,-58.1652,19.7306
-0.90598,-2.86028,-57.8843,18.7246
-1.11901,-2.71473,-55.7404,16.8417
-1.30589,-2.53686,-56.146,17.1399
-1.46177,-2.33127,-56.4852,16.7713
-1.58261,-2.10332,-55.313,15.3731
-1.66526,-1.85891,-53.7942,14.8592
-1.70757,-1.6044,-53.3192,13.8049
-1.70845,-1.3464,-54.0893,11.215
-1.66788,-1.09161,-50.9911,11.7105
-1.58691,-0.846646,-52.6426,9.6796
-1.46764,-0.617868,-51.8186,10.7141
-1.31317,-0.41122,-51.346,8.73902
-1.12751,-0.232069,-51.0799,8.43093
-0.91548,-0.0850671,-51.3926,8.98055
-0.682593,0.0259671,-51.1282,8.65765
-0.434894,0.0981499,-52.7909,10.2697
-0.178818,0.129607,-52.1621,9.38504
0.0789868,0.119521,-54.2649,11.1825
0.331823,0.0681538,-54.7278,10.8075
0.573125,-0.0231601,-54.3085,9.26713
0.796626,-0.152049,-54.1738,10.1843
0.99652,-0.315166,-53.1774,14.7921
1.16762,-0.508275,-53.4317,15.5113
1.30547,-0.72636,-53.6104,19.9475
1.4065,-0.963756,-51.8028,20.4011
1.46809,-1.2143,-52.9357,21.5479
1.48863,-1.47148,-49.8579,19.4357
1.4676,-1.72862,-49.8551,19.4423
1.40553,-1.97905,-50.1869,20.7837
1.30404,-2.21625,-51.9351,23.6712
1.16576,-2.43407,-52.2574,23.7155
0.994294,-2.62685,-51.7222,21.3673
0.794087,-2.78958,-52.9572,21.5473
0.570339,-2.91804,-52.4435,23.5267
0.328861,-3.00889,-52.7232,25.7231
0.0759263,-3.05977,-51.3611,25.7905
-0.181897,-3.06936,-48.3054,25.2579
-0.437913,-3.03741,-48.4786,27.5185
-0.685472,-2.96475,-49.17,27.2618
-0.918144,-2.85327,-50.0316,27.4408
-1.12989,-2.70586,-46.2511,27.1783
-1.3152,-2.52635,-45.7689,29.3204
-1.46928,-2.3194,-43.2175,30.0213
-1.58811,-2.0904,-43.574,31.3618
-1.66861,-1.84527,-44.1504,30.4028
-1.70869,-1.59041,-46.0437,30.7494
-1.70731,-1.33241,-47.0373,32.1894
-1.6645,-1.07798,-46.0841,34.9101
-1.58139,-0.833735,-46.1476,34.8043
-1.46011,-0.606013,-46.0916,35.1914
-1.30383,-0.400727,-43.8855,32.0702
-1.11661,-0.223212,-43.7874,32.8008
-0.903302,-0.0780754,-46.233,33.9106
-0.66945,0.0309118,-43.5853,31.1285
-0.421128,0.100919,-43.4881,31.0317
-0.164785,0.130129,-39.8499,30.5839
0.0929211,0.117782,-39.9064,30.4506
0.345297,0.0641991,-39.8347,31.0271
0.585789,-0.0292278,-39.5601,30.3635
0.80815,-0.160072,-38.7169,30.8943
1.00661,-0.324937,-39.5682,31.3245
1.176,-0.519539,-35.6989,31.03
1.31194,-0.738824,-36.2059,31.6395
1.41089,-0.977098,-36.1875,32.2923
1.47027,-1.22817,-37.7607,33.8885
1.48856,-1.48552,-34.7679,30.78
1.46527,-1.74247,-33.7265,30.5739
1.401,-1.99234,-33.1885,28.8719
1.29744,-2.22864,-33.8658,28.9975
1.15726,-2.44524,-33.7188,29.3084
0.984104,-2.63651,-31.6701,33.196
0.782477,-2.79748,-33.0376,34.6083
0.557611,-2.92397,-33.0939,34.5799
0.315346,-3.0127,-32.8804,36.0424
0.0619742,-3.06136,-33.4963,37.4728
-0.195923,-3.06869,-32.9592,35.5037
-0.451649,-3.03449,-35.7971,36.0764
-0.698561,-2.95966,-37.9194,38.7389
-0.930247,-2.84614,-37.5298,38.445
-1.14069,-2.69688,-37.5529,37.4161
-1.32442,-2.51576,-38.7435,38.9398
-1.47667,-2.30747,-38.3584,39.304
-1.59349,-2.07743,-36.0431,41.6506
-1.67184,-1.83161,-32.5037,43.1868
-1.70968,-1.5764,-31.9729,41.8143
-1.70604,-1.31842,-32.0072,41.5815
-1.66101,-1.06438,-29.0364,42.0215
-1.57575,-0.820874,-29.5465,42.1576
-1.45248,-0.594224,-26.1494,42.9049
-1.29441,-0.390317,-26.5694,42.5259
-1.10564,-0.21445,-27.4329,42.4357
-0.891063,-0.0711908,-28.5966,42.2478
-0.656264,0.035741,-28.7485,42.7331
-0.407337,0.103568,-26.9518,39.411
-0.150748,0.130528,-26.9486,43.6005
0.10684,0.115921,-26.6124,43.9543
0.358736,0.0601264,-27.744,40.1136
0.598399,-0.0354064,-29.1287,39.8936
0.819604,-0.168196,-29.5757,40.2022
1.01661,-0.334795,-29.2182,40.8147
1.18429,-0.530875,-29.2662,40.8331
1.3183,-0.751344,-29.9553,40.2117
1.41515,-0.990477,-29.8227,40.6718
1.47233,-1.24206,-33.0012,40.3125
1.48836,-1.49957,-31.6405,41.4474
1.46282,-1.7563,-31.6246,41.6177
1.39636,-2.0056,-30.1037,40.7231
1.29073,-2.24098,-30.7941,39.3968
1.14865,-2.45634,-30.3619,38.4625
0.97383,-2.64608,-30.4341,38.0931
0.770798,-2.80528,-29.2957,38.3724
0.544831,-2.92979,-28.9633,37.6374
0.301797,-3.01639,-30.0064,35.4823
0.0480087,-3.06283,-30.4966,36.1877
-0.209943,-3.06789,-27.0617,34.2027
-0.465359,-3.03145,-25.1455,32.9275
-0.711605,-2.95446,-23.9013,30.4712
-0.942287,-2.83892,-22.2421,31.4022
-1.15141,-2.68782,-22.3558,32.9659
-1.33355,-2.50508,-22.087,29.6991
-1.48397,-2.29547,-20.7803,28.9574
-1.59876,-2.06441,-21.7189,28.552
-1.67495,-1.81792,-20.1268,27.629
-1.71056,-1.56238,-19.9866,25.1845
-1.70465,-1.30445,-20.7212,27.403
-1.65739,-1.05081,-22.205,29.4705
-1.57,-0.808063,-19.2073,28.7708
-1.44475,-0.582502,-22.1278,27.8742
-1.28489,-0.37999,-23.4765,27.1798
-1.09459,-0.205786,-23.6346,26.593
-0.878764,-0.0644138,-23.5789,30.7747
-0.643036,0.0404544,-22.8766,29.8382
-0.393524,0.106095,-21.384,28.7597
-0.136709,0.130803,-23.6996,28.6189
0.120741,0.113938,-23.0073,29.0678
0.372139,0.055936,-23.1727,29.1439
0.610955,-0.0416953,-26.6188,32.121
0.830986,-0.17642,-26.3761,32.7952
1.02652,-0.344741,-25.8448,36.9543
1.19248,-0.542284,-25.8395,37.2439
1.32454,-0.76392,-24.2055,38.8933
1.4193,-1.00389,-24.0763,38.8698
1.47427,-1.25597,-28.2064,40.2234
1.48804,-1.5136,-26.5923,38.7829
1.46024,-1.7701,-26.8971,38.2804
1.39161,-2.01881,-27.2323,39.1646
1.28391,-2.25326,-27.5758,40.6564
1.13995,-2.46736,-28.5734,40.776
0.963472,-2.65556,-28.1595,41.0838
0.759052,-2.81297,-26.7465,40.2786
0.532001,-2.9355,-29.6753,39.4713
0.288217,-3.01996,-29.4759,39.2752
0.0340308,-3.06417,-30.9371,37.4954
-0.223956,-3.06697,-27.3723,37.8351
-0.479042,-3.0283,-28.1857,37.9708
-0.724604,-2.94915,-27.2686,39.8894
-0.954262,-2.83158,-24.7976,39.0969
-1.16205,-2.67865,-24.5996,39.4129
-1.34258,-2.49433,-24.1112,38.955
-1.49116,-2.28341,-24.0063,39.087
-1.60392,-2.05135,-20.6622,42.4759
-1.67794,-1.8042,-23.9356,41.3506
-1.71131,-1.54836,-24.3535,42.7253
-1.70314,-1.29049,-22.1169,39.4929
-1.65365,-1.03728,-21.9569,36.5826
-1.56414,-0.795302,-24.133,36.4569
-1.43691,-0.570849,-22.1556,38.7309
-1.27529,-0.369747,-22.3263,38.9519
-1.08346,-0.197219,-22.583,39.1256
-0.866406,-0.0577449,-21.2731,35.6296
-0.629768,0.0450515,-22.5964,36.3729
-0.37969,0.108501,-20.7467,36.8391
-0.122667,0.130956,-22.7444,35.8331
0.134625,0.111833,-23.2078,36.07
0.385504,0.0516281,-23.6695,36.8969
0.623454,-0.0480941,-20.7149,35.0098
0.842296,-0.184744,-20.7702,34.8952
1.03635,-0.354773,-22.7439,35.8867
1.20056,-0.553764,-22.5139,35.676
1.33068,-0.77655,-23.0126,35.5588
1.42333,-1.01735,-22.8352,34.6905
1.47609,-1.26989,-22.8369,34.6692
1.48759,-1.52764,-22.4684,34.5804
1.45755,-1.78389,-22.4732,34.5861
1.38673,-2.03198,-23.1608,35.0544
1.27699,-2.26547,-26.3513,35.902
1.13116,-2.47831,-23.2431,37.5761
0.953031,-2.66495,-21.7104,38.7244
0.747238,-2.82056,-21.152,42.0495
0.519121,-2.94109,-21.1193,41.8414
0.274606,-3.02342,-22.2484,42.6756
0.0200417,-3.06539,-22.0002,42.7537
-0.237959,-3.06593,-20.7231,42.6217
-0.492697,-3.02502,-20.0064,43.6027
-0.737555,-2.94372,-19.2608,42.7798
-0.966173,-2.82415,-19.4364,42.6034
-1.17262,-2.6694,-19.5329,42.685
-1.35152,-2.4835,-23.1164,45.0067
-1.49824,-2.27128,-23.8293,44.6596
-1.60896,-2.03825,-20.2053,46.6744
-1.68082,-1.79045,-19.0168,49.6823
-1.71193,-1.53433,-21.0969,51.5489
-1.7015,-1.27654,-21.7028,49.9299
-1.6498,-1.02377,-22.8674,48.1464
-1.55816,-0.782594,-23.4847,48.8032
-1.42898,-0.559265,-25.1188,51.054
-1.26559,-0.359588,-25.4806,50.497
-1.07226,-0.188749,-22.6734,53.6222
-0.85399,-0.0511847,-19.3566,54.7196
-0.616459,0.0495322,-19.6104,54.734
-0.365834,0.110786,-16.522,56.8979
-0.108625,0.130985,-16.3498,57.7952
0.14849,0.109606,-14.2985,55.7407
0.398831,0.0472032,-14.9202,58.1815
0.635897,-0.0546023,-14.4668,56.7763
0.853532,-0.193167,-13.8121,57.1799
1.04608,-0.364891,-14.0362,57.4134
1.20855,-0.565315,-14.3767,55.3777
1.33671,-0.789234,-15.3197,55.4439
1.42724,-1.03083,-14.7041,56.3196
1.47778,-1.28383,-15.5312,58.3883
1.48703,-1.54167,-15.5253,58.3926
1.45474,-1.79764,-14.3633,60.314
1.38175,-2.04511,-14.54,60.9451
1.26995,-2.27763,-12.9988,63.9344
1.12226,-2.48918,-13.5347,63.8739
0.942508,-2.67425,-14.9979,61.1149
0.735358,-2.82805,-14.4062,61.2455
0.506193,-2.94658,-14.7121,61.3746
0.260965,-3.02675,-15.0795,60.8389
0.00604243,-3.06649,-16.2091,60.8381
-0.251953,-3.06477,-16.1586,61.5682
-0.506322,-3.02162,-16.3124,61.4549
-0.750458,-2.93818,-15.014,60.7532
-0.978019,-2.81661,-14.3083,60.9357
-1.1831,-2.66005,-11.6346,61.2234
-1.36036,-2.47259,-9.32297,61.5928
-1.50521,-2.25909,-7.74965,60.2007
-1.61389,-2.0251,-8.51056,60.2567
-1.68357,-1.77668,-11.5922,62.29
-1.71244,-1.5203,-13.0962,61.241
-1.69975,-1.26261,-12.2164,63.4808
-1.64583,-1.0103,-12.1039,63.3149
-1.55208,-0.769938,-12.1153,63.314
-1.42094,-0.547751,-12.7442,62.2464
-1.25581,-0.349515,-13.4126,63.9114
-1.06098,-0.180378,-14.8755,65.2053
-0.841517,-0.0447337,-16.9633,66.4444
-0.603112,0.0538959,-16.2505,68.3132
-0.35196,0.112949,-16.982,64.5888
-0.0945825,0.130891,-19.2379,64.4116
0.162334,0.107258,-19.419,64.4077
0.412119,0.0426616,-23.3057,64.0633
0.648283,-0.0612194,-21.6473,62.4864
0.864694,-0.201687,-21.584,65.6456
1.05573,-0.375094,-20.2917,66.9012
1.21643,-0.576935,-18.9988,66.6462
1.34262,-0.80197,-19.7047,67.4903
1.43103,-1.04435,-20.4178,67.4043
1.47935,-1.29779,-21.7933,67.3046
1.48634,-1.5557,-21.9023,67.6762
1.4518,-1.81138,-19.958,67.2938
1.37664,-2.05819,-21.3555,64.5864
1.26282,-2.28972,-19.5584,66.8453
1.11328,-2.49997,-19.4824,68.6991
0.931904,-2.68346,-18.1718,65.6155
0.723413,-2.83543,-17.8387,67.565
