0.246227,0.0413657,12.4379,-5.69486
0.482285,0.122975,12.4379,-5.69486
0.701842,0.242661,12.4379,-5.69486
0.899025,0.397284,12.4379,-5.69486
1.06843,0.582723,12.4379,-5.69486
1.20531,0.793932,12.4379,-5.69486
1.3058,1.02511,12.4379,-5.69486
1.36707,1.2699,12.4379,-5.69486
1.38738,1.52161,12.4379,-5.69486
1.36615,1.77335,12.4379,-5.69486
1.30394,2.01828,12.4379,-5.69486
1.20241,2.24975,12.4379,-5.69486
1.06432,2.46148,12.4379,-5.69486
0.893387,2.64773,12.4379,-5.69486
0.694238,2.80347,12.4379,-5.69486
0.472257,2.92447,12.4379,-5.69486
0.233444,3.00746,12.4379,-5.69486
-0.0157427,3.0502,12.4379,-5.69486
-0.268565,3.05152,12.4379,-5.69486
-0.518186,3.01139,12.4379,-5.69486
-0.757854,2.93088,12.4379,-5.69486
-0.981088,2.81219,12.4379,-5.69486
-1.18185,2.65851,12.4379,-5.69486
-1.3547,2.474,12.4379,-5.69486
-1.49498,2.26365,12.4379,-5.69486
-1.59888,2.03315,12.4379,-5.69486
-1.66358,1.78873,12.4379,-5.69486
-1.68735,1.53701,12.4379,-5.69486
-1.66953,1.28479,12.4379,-5.69486
-1.6106,1.0389,12.4379,-5.69486
-1.51216,0.805983,12.4379,-5.69486
-1.37687,0.592351,12.4379,-5.69486
-1.20838,0.40378,12.4379,-5.69486
-1.01126,0.245374,12.4379,-5.69486
-0.790822,0.121418,12.4379,-5.69486
-0.553042,0.0352677,12.4379,-5.69486
-0.304347,-0.0107438,12.4379,-5.69486
-0.0514632,-0.0153701,12.4379,-5.69486
0.198768,0.0215164,12.4379,-5.69486
0.439579,0.0989201,12.4379,-5.69486
0.664454,0.214749,12.4379,-5.69486
0.867312,0.365873,12.4379,-5.69486
1.04266,0.548205,12.4379,-5.69486
1.18576,0.756815,12.4379,-5.69486
1.29274,0.98606,12.4379,-5.69486
1.3607,1.22974,12.4379,-5.69486
1.38781,1.48127,12.4379,-5.69486
1.37333,1.73384,12.4379,-5.69486
1.31764,1.98061,12.4379,-5.69486
1.22227,2.21493,12.4379,-5.69486
1.08978,2.43044,12.4379,-5.69486
0.923768,2.62131,12.4379,-5.69486
0.728715,2.78239,12.4379,-5.69486
0.509902,2.90931,12.4379,-5.69486
0.27325,2.99865,12.4379,-5.69486
0.0251593,3.04798,12.4379,-5.69486
-0.227656,3.05598,12.4379,-5.69486
-0.478356,3.02243,12.4379,-5.69486
-0.720158,2.94822,12.4379,-5.69486
-0.94652,2.83539,12.4379,-5.69486
-1.15132,2.68697,12.4379,-5.69486
-1.329,2.50698,12.4379,-5.69486
-1.47478,2.3003,12.4379,-5.69486
-1.58469,2.07252,12.4379,-5.69486
-1.65577,1.8298,12.4379,-5.69486
-1.6861,1.5787,12.4379,-5.69486
-1.67484,1.32604,12.4379,-5.69486
-1.62231,1.07863,12.4379,-5.69486
-1.52993,0.843177,12.4379,-5.69486
-1.40019,0.626053,12.4379,-5.69486
-1.23661,0.433132,12.4379,-5.69486
-1.04361,0.269634,12.4379,-5.69486
-0.826407,0.139985,12.4379,-5.69486
-0.590883,0.0476927,12.4379,-5.69486
-0.343407,-0.00474437,12.4379,-5.69486
-0.090675,-0.015906,12.4379,-5.69486
0.160477,0.0145113,12.4379,-5.69486
0.403255,0.0856861,12.4379,-5.69486
0.631091,0.195695,12.4379,-5.69486
0.837821,0.341562,12.4379,-5.69486
1.01785,0.519345,12.4379,-5.69486
1.16632,0.724234,12.4379,-5.69486
1.27919,0.950688,12.4379,-5.69486
1.35343,1.19258,12.4379,-5.69486
1.38702,1.44338,12.4379,-5.69486
1.37906,1.69628,12.4379,-5.69486
1.32975,1.94446,12.4379,-5.69486
1.24044,2.18121,12.4379,-5.69486
1.11353,2.40011,12.4379,-5.69486
0.952465,2.59524,12.4379,-5.69486
0.761599,2.76134,12.4379,-5.69486
0.546094,2.89391,12.4379,-5.69486
0.31178,2.98935,12.4379,-5.69486
0.0649963,3.0451,12.4379,-5.69486
-0.187583,3.05964,12.4379,-5.69486
-0.439124,3.03258,12.4379,-5.69486
-0.682823,2.96466,12.4379,-5.69486
-0.912089,2.85771,12.4379,-5.69486
-1.12072,2.71462,12.4379,-5.69486
-1.30307,2.53927,12.4379,-5.69486
-1.45421,2.33641,12.4379,-5.69486
-1.57004,2.1115,12.4379,-5.69486
-1.64745,1.87066,12.4379,-5.69486
-1.68432,1.62037,12.4379,-5.69486
-1.67967,1.36743,12.4379,-5.69486
-1.63362,1.11866,12.4379,-5.69486
-1.54742,0.880801,12.4379,-5.69486
-1.42338,0.660282,12.4379,-5.69486
-1.26488,0.463068,12.4379,-5.69486
-1.07618,0.294494,12.4379,-5.69486
-0.862407,0.159119,12.4379,-5.69486
-0.629323,0.0606054,12.4379,-5.69486
-0.383235,0.00161807,12.4379,-5.69486
-0.130795,-0.0162461,12.4379,-5.69486
0.121172,0.00749777,12.4379,-5.69486
0.365854,0.0722098,12.4379,-5.69486
0.596637,0.176143,12.4379,-5.69486
0.807283,0.316489,12.4379,-5.69486
0.992097,0.489456,12.4379,-5.69486
1.14608,0.690372,12.4379,-5.69486
1.26508,0.913807,12.4379,-5.69486
1.34586,1.15372,12.4379,-5.69486
1.38626,1.40364,12.4379,-5.69486
1.38517,1.6568,12.4379,-5.69486
1.34262,1.90637,12.4379,-5.69486
1.25977,2.1456,12.4379,-5.69486
1.13885,2.36803,12.4379,-5.69486
0.983129,2.56764,12.4379,-5.69486
0.796812,2.73905,12.4379,-5.69486
0.584933,2.87763,12.4379,-5.69486
0.353218,2.97962,12.4379,-5.69486
0.107926,3.04228,12.4379,-5.69486
-0.144317,3.06392,12.4379,-5.69486
-0.396696,3.04394,12.4379,-5.69486
-0.642394,2.98289,12.4379,-5.69486
-0.874774,2.88242,12.4379,-5.69486
-1.08756,2.74524,12.4379,-5.69486
-1.275,2.57505,12.4379,-5.69486
-1.43204,2.37646,12.4379,-5.69486
-1.55443,2.15482,12.4379,-5.69486
-1.63887,1.91612,12.4379,-5.69486
-1.68307,1.6668,12.4379,-5.69486
-1.68584,1.4136,12.4379,-5.69486
-1.64711,1.16336,12.4379,-5.69486
-1.56792,0.922825,12.4379,-5.69486
-1.45039,0.698492,12.4379,-5.69486
-1.29772,0.496418,12.4379,-5.69486
-1.114,0.322058,12.4379,-5.69486
-0.904204,0.180118,12.4379,-5.69486
-0.673982,0.0744319,12.4379,-5.69486
-0.429547,0.00785219,12.4379,-5.69486
-0.177491,-0.0178217,12.4379,-5.69486
0.0753896,-0.00189422,12.4379,-5.69486
0.322274,0.0552085,12.4379,-5.69486
0.556505,0.15195,12.4379,-5.69486
0.771766,0.285725,12.4379,-5.69486
0.962253,0.452931,12.4379,-5.69486
1.12283,0.649063,12.4379,-5.69486
1.24917,0.868837,12.4379,-5.69486
1.33786,1.10633,12.4379,-5.69486
1.38651,1.35515,12.4379,-5.69486
1.39381,1.60859,12.4379,-5.69486
1.35955,1.85982,12.4379,-5.69486
1.28467,2.10209,12.4379,-5.69486
1.17117,2.32885,12.4379,-5.69486
1.02211,2.534,12.4379,-5.69486
0.841506,2.71203,12.4379,-5.69486
0.634211,2.85813,12.4379,-5.69486
0.405809,2.96837,12.4379,-5.69486
0.162446,3.03979,12.4379,-5.69486
-0.089327,3.07046,12.4379,-5.69486
-0.342736,3.05954,12.4379,-5.69486
-0.590961,3.00735,12.4379,-5.69486
-0.827323,2.91527,12.4379,-5.69486
-1.04546,2.78578,12.4379,-5.69486
-1.23952,2.62237,12.4379,-5.69486
-1.40426,2.42942,12.4379,-5.69486
-1.53525,2.21213,12.4379,-5.69486
-1.62899,1.97633,12.4379,-5.69486
-1.68293,1.72836,12.4379,-5.69486
-1.69563,1.47489,12.4379,-5.69486
-1.66674,1.22273,12.4379,-5.69486
-1.59704,0.978649,12.4379,-5.69486
-1.48839,0.749204,12.4379,-5.69486
-1.34371,0.540561,12.4379,-5.69486
-1.16688,0.358324,12.4379,-5.69486
-0.962629,0.207387,12.4379,-5.69486
-0.736449,0.0918041,12.4379,-5.69486
-0.4944,0.0146819,12.4379,-5.69486
-0.242972,-0.0219062,12.4379,-5.69486
0.0110961,-0.016973,12.4379,-5.69486
0.260993,0.0293552,12.4379,-5.69486
0.500023,0.115843,12.4379,-5.69486
0.72178,0.240181,12.4379,-5.69486
0.920322,0.399043,12.4379,-5.69486
1.09033,0.588182,12.4379,-5.69486
1.22725,0.80254,12.4379,-5.69486
1.32741,1.03638,12.4379,-5.69486
1.38813,1.28346,12.4379,-5.69486
1.40777,1.53717,12.4379,-5.69486
1.38582,1.79072,12.4379,-5.69486
1.32284,2.03734,12.4379,-5.69486
1.22052,2.27043,12.4379,-5.69486
1.08158,2.48378,12.4379,-5.69486
0.90973,2.67167,12.4379,-5.69486
0.709556,2.8291,12.4379,-5.69486
0.486395,2.95185,12.4379,-5.69486
0.246199,3.03664,12.4379,-5.69486
-0.00462889,3.08121,12.4379,-5.69486
-0.259401,3.08437,12.4379,-5.69486
-0.511328,3.04603,12.4379,-5.69486
-0.753696,2.9672,12.4379,-5.69486
-0.980049,2.84997,12.4379,-5.69486
-1.18436,2.69747,12.4379,-5.69486
-1.36118,2.51374,12.4379,-5.69486
-1.50581,2.30367,12.4379,-5.69486
-1.61439,2.07283,12.4379,-5.69486
-1.68403,1.82737,12.4379,-5.69486
-1.71287,1.57379,12.4379,-5.69486
-1.70014,1.31883,12.4379,-5.69486
-1.64616,1.06926,12.4379,-5.69486
-1.55236,0.831694,12.4379,-5.69486
-1.42121,0.612434,12.4379,-5.69486
-1.25617,0.417293,12.4379,-5.69486
-1.06161,0.251445,12.4379,-5.69486
-0.842663,0.119288,12.4379,-5.69486
-0.605104,0.0243244,12.4379,-5.69486
-0.355206,-0.0309226,12.4379,-5.69486
-0.0995597,-0.0449809,12.4379,-5.69486
0.155094,-0.0174642,12.4379,-5.69486
0.402044,0.0509185,12.4379,-5.69486
0.634784,0.158383,12.4379,-5.69486
0.847186,0.302117,12.4379,-5.69486
1.03366,0.478359,12.4379,-5.69486
1.18929,0.682495,12.4379,-5.69486
1.30999,0.909179,12.4379,-5.69486
1.39258,1.15248,12.4379,-5.69486
1.43487,1.40603,12.4379,-5.69486
1.43574,1.66321,12.4379,-5.69486
1.39516,1.9173,12.4379,-5.69486
1.31415,2.16166,12.4379,-5.69486
1.19482,2.38991,12.4379,-5.69486
1.04025,2.59611,12.4379,-5.69486
0.854448,2.77488,12.4379,-5.69486
0.642223,2.92156,12.4379,-5.69486
0.409067,3.03233,12.4379,-5.69486
0.161009,3.1043,12.4379,-5.69486
-0.0955408,3.13559,12.4379,-5.69486
-0.353962,3.12536,12.4379,-5.69486
-0.607591,3.07385,12.4379,-5.69486
-0.849895,2.98236,12.4379,-5.69486
-1.07464,2.85322,12.4379,-5.69486
-1.27605,2.6897,12.4379,-5.69486
-1.44895,2.49598,12.4379,-5.69486
-1.58891,2.27695,12.4379,-5.69486
-1.69232,2.03819,12.4379,-5.69486
-1.75653,1.78574,12.4379,-5.69486
-1.77987,1.52599,12.4379,-5.69486
-1.7617,1.26548,12.4379,-5.69486
-1.70243,1.01077,12.4379,-5.69486
-1.6035,0.76827,12.4379,-5.69486
-1.46732,0.54405,12.4379,-5.69486
-1.29724,0.343721,12.4379,-5.69486
-1.09741,0.172285,12.4379,-5.69486
-0.87271,0.0340201,12.4379,-5.69486
-0.628615,-0.0676217,12.4379,-5.69486
-0.371042,-0.130089,12.4379,-5.69486
-0.106208,-0.151787,12.4379,-5.69486
0.15952,-0.132102,12.4379,-5.69486
0.419791,-0.0714071,12.4379,-5.69486
0.668415,0.0289613,12.4379,-5.69486
0.899511,0.166749,12.4379,-5.69486
1.10764,0.338854,12.4379,-5.69486
1.28794,0.541412,12.4379,-5.69486
1.4362,0.769905,12.4379,-5.69486
1.54898,1.01928,12.4379,-5.69486
1.62364,1.28408,12.4379,-5.69486
1.65839,1.55858,12.4379,-5.69486
1.65232,1.83693,12.4379,-5.69486
1.60538,2.11328,12.4379,-5.69486
1.51834,2.38194,12.4379,-5.69486
1.39275,2.63747,12.4379,-5.69486
1.23085,2.87483,12.4379,-5.69486
1.0355,3.08945,12.4379,-5.69486
0.810043,3.2773,12.4379,-5.69486
0.558209,3.43498,12.4379,-5.69486
0.283977,3.55974,12.4379,-5.69486
-0.00856486,3.64946,12.4379,-5.69486
-0.315357,3.70272,12.4379,-5.69486
-0.632503,3.71866,12.4379,-5.69486
-0.956404,3.69703,12.4379,-5.69486
-1.28388,3.63806,12.4379,-5.69486
-1.61228,3.54239,12.4379,-5.69486
-1.93953,3.41104,12.4379,-5.69486
-2.2642,3.24529,12.4379,-5.69486
-2.58541,3.04676,12.4379,-5.69486
-2.90277,2.81737,12.4379,-5.69486
-3.21612,2.55947,12.4379,-5.69486
-3.52533,2.27586,12.4379,-5.69486
-3.83016,1.96971,12.4379,-5.69486
-4.13018,1.64439,12.4379,-5.69486
-4.42486,1.30309,12.4379,-5.69486
-4.71365,0.948667,12.4379,-5.69486
-4.99604,0.583424,12.4379,-5.69486
-5.2716,0.209175,12.4379,-5.69486
-5.53994,-0.172707,12.4379,-5.69486
-5.80067,-0.561195,12.4379,-5.69486
-6.05343,-0.955515,12.4379,-5.69486
-6.29783,-1.35508,12.4379,-5.69486
-6.53347,-1.75943,12.4379,-5.69486
-6.7599,-2.16821,12.4379,-5.69486
-6.97664,-2.58109,12.4379,-5.69486
-7.18317,-2.9978,12.4379,-5.69486
-7.37893,-3.41808,12.4379,-5.69486
-7.56331,-3.84165,12.4379,-5.69486
-7.73565,-4.26823,12.4379,-5.69486
-7.89526,-4.6975,12.4379,-5.69486
-8.04136,-5.12911,12.4379,-5.69486
-8.17318,-5.56263,12.4379,-5.69486
-8.28985,-5.99758,12.4379,-5.69486
-8.39048,-6.43338,12.4379,-5.69486
-8.47414,-6.86937,12.4379,-5.69486
-8.53985,-7.30474,12.4379,-5.69486
-8.5866,-7.73857,12.4379,-5.69486
-8.6134,-8.16977,12.4379,-5.69486
-8.61923,-8.59707,12.4379,-5.69486
-8.60311,-9.01902,12.4379,-5.69486
-8.56413,-9.43394,12.4379,-5.69486
-8.50148,-9.83994,12.4379,-5.69486
-8.41449,-10.2349,12.4379,-5.69486
-8.30268,-10.6165,12.4379,-5.69486
-8.16585,-10.9822,12.4379,-5.69486
-8.0041,-11.3294,12.4379,-5.69486
-7.81791,-11.6552,12.4379,-5.69486
-7.60815,-11.9569,12.4379,-5.69486
-7.3761,-12.2319,12.4379,-5.69486
-7.12347,-12.4776,12.4379,-5.69486
-6.85233,-12.6917,12.4379,-5.69486
-6.56512,-12.8723,12.4379,-5.69486
-6.26456,-13.0177,12.4379,-5.69486
-5.95365,-13.1266,12.4379,-5.69486
-5.6356,-13.198,12.4379,-5.69486
-5.3138,-13.2314,12.4379,-5.69486
-4.99178,-13.2264,12.4379,-5.69486
-4.6731,-13.1834,12.4379,-5.69486
-4.3613,-13.1028,12.4379,-5.69486
-4.05982,-12.9857,12.4379,-5.69486
-3.77188,-12.8333,12.4379,-5.69486
-3.50042,-12.6473,12.4379,-5.69486
-3.24804,-12.4296,12.4379,-5.69486
-3.01689,-12.1822,12.4379,-5.69486
-2.80865,-11.9072,12.4379,-5.69486
-2.6245,-11.6067,12.4379,-5.69486
-2.46511,-11.2827,12.4379,-5.69486
-2.33062,-10.937,12.4379,-5.69486
-2.22069,-10.5716,12.4379,-5.69486
-2.13454,-10.1881,12.4379,-5.69486
-2.07101,-9.7882,12.4379,-5.69486
-2.02868,-9.37397,12.4379,-5.69486
-2.00594,-8.94748,12.4379,-5.69486
-2.00116,-8.51102,12.4379,-5.69486
-2.01279,-8.06688,12.4379,-5.69486
-2.03943,-7.61721,12.4379,-5.69486
-2.07991,-7.1639,12.4379,-5.69486
-2.13331,-6.70858,12.4379,-5.69486
-2.19893,-6.25258,12.4379,-5.69486
-2.27628,-5.79702,12.4379,-5.69486
-2.36503,-5.34286,12.4379,-5.69486
-2.46501,-4.89093,12.4379,-5.69486
-2.57615,-4.44199,12.4379,-5.69486
-2.6985,-3.99676,12.4379,-5.69486
-2.83216,-3.55595,12.4379,-5.69486
-2.97729,-3.12031,12.4379,-5.69486
-3.13411,-2.69058,12.4379,-5.69486
-3.30287,-2.26758,12.4379,-5.69486
-3.48383,-1.85219,12.4379,-5.69486
-3.67727,-1.44536,12.4379,-5.69486
-3.88345,-1.04815,12.4379,-5.69486
-4.10262,-0.661721,12.4379,-5.69486
-4.33498,-0.287343,12.4379,-5.69486
-4.58068,0.0735655,12.4379,-5.69486
-4.83977,0.419451,12.4379,-5.69486
-5.11219,0.74861,12.4379,-5.69486
-5.39772,1.05919,12.4379,-5.69486
-5.69594,1.34918,12.4379,-5.69486
-6.00621,1.61646,12.4379,-5.69486
-6.32757,1.85881,12.4379,-5.69486
-6.65873,2.07394,12.4379,-5.69486
-6.99806,2.25961,12.4379,-5.69486
-7.34352,2.4137,12.4379,-5.69486
-7.6927,2.53429,12.4379,-5.69486
-8.04287,2.61981,12.4379,-5.69486
-8.39104,2.6691,12.4379,-5.69486
-8.73403,2.68151,12.4379,-5.69486
-9.0686,2.65688,12.4379,-5.69486
-9.39144,2.59555,12.4379,-5.69486
-9.69929,2.49836,12.4379,-5.69486
-9.9889,2.3666,12.4379,-5.69486
-10.2571,2.20199,12.4379,-5.69486
-10.5007,2.00672,12.4379,-5.69486
-10.7169,1.78334,12.4379,-5.69486
-10.903,1.53484,12.4379,-5.69486
-11.0566,1.26448,12.4379,-5.69486
-11.1759,0.975776,12.4379,-5.69486
-11.2592,0.672406,12.4379,-5.69486
-11.3056,0.35807,12.4379,-5.69486
-11.3146,0.036391,12.4379,-5.69486
-11.2861,-0.289204,12.4379,-5.69486
-11.2203,-0.615601,12.4379,-5.69486
-11.118,-0.940105,12.4379,-5.69486
-10.9803,-1.26053,12.4379,-5.69486
-10.8082,-1.57524,12.4379,-5.69486
-10.6034,-1.88321,12.4379,-5.69486
-10.3674,-2.18393,12.4379,-5.69486
-10.1022,-2.47731,12.4379,-5.69486
-9.81,-2.76353,12.4379,-5.69486
-9.49362,-3.0428,12.4379,-5.69486
-9.15608,-3.31525,12.4379,-5.69486
-8.80056,-3.58085,12.4379,-5.69486
-8.43016,-3.83947,12.4379,-5.69486
-8.04758,-4.09091,12.4379,-5.69486
-7.65507,-4.33496,12.4379,-5.69486
-7.25438,-4.57144,12.4379,-5.69486
-6.84687,-4.80015,12.4379,-5.69486
-6.43356,-5.02088,12.4379,-5.69486
-6.01522,-5.23339,12.4379,-5.69486
-5.59247,-5.43745,12.4379,-5.69486
-5.16578,-5.63275,12.4379,-5.69486
-4.73555,-5.81898,12.4379,-5.69486
-4.30209,-5.9958,12.4379,-5.69486
-3.86573,-6.1628,12.4379,-5.69486
-3.42672,-6.31958,12.4379,-5.69486
-2.98537,-6.46567,12.4379,-5.69486
-2.54194,-6.6006,12.4379,-5.69486
-2.09676,-6.72383,12.4379,-5.69486
-1.65014,-6.83481,12.4379,-5.69486
-1.20247,-6.93295,12.4379,-5.69486
-0.754164,-7.01763,12.4379,-5.69486
-0.30569,-7.0882,12.4379,-5.69486
0.142409,-7.14396,12.4379,-5.69486
0.589517,-7.18423,12.4379,-5.69486
1.03493,-7.20826,12.4379,-5.69486
1.47784,-7.21532,12.4379,-5.69486
1.91734,-7.20466,12.4379,-5.69486
2.35237,-7.17552,12.4379,-5.69486
2.78176,-7.12719,12.4379,-5.69486
3.20417,-7.05897,12.4379,-5.69486
3.61809,-6.97023,12.4379,-5.69486
4.02186,-6.86043,12.4379,-5.69486
4.4136,-6.72915,12.4379,-5.69486
4.79129,-6.57611,12.4379,-5.69486
5.1527,-6.40126,12.4379,-5.69486
5.4955,-6.20478,12.4379,-5.69486
5.81719,-5.98713,12.4379,-5.69486
6.11523,-5.74914,12.4379,-5.69486
6.3871,-5.49196,12.4379,-5.69486
6.63031,-5.21718,12.4379,-5.69486
6.84255,-4.92672,12.4379,-5.69486
7.02175,-4.62291,12.4379,-5.69486
7.16613,-4.30839,12.4379,-5.69486
7.27427,-3.98609,12.4379,-5.69486
7.3451,-3.65919,12.4379,-5.69486
7.37801,-3.33108,12.4379,-5.69486
7.37277,-3.00527,12.4379,-5.69486
7.32958,-2.6854,12.4379,-5.69486
7.2491,-2.37515,12.4379,-5.69486
7.13242,-2.07818,12.4379,-5.69486
6.98106,-1.79805,12.4379,-5.69486
6.79696,-1.53817,12.4379,-5.69486
6.58244,-1.30172,12.4379,-5.69486
6.34014,-1.09153,12.4379,-5.69486
6.07298,-0.910102,12.4379,-5.69486
5.78404,-0.75949,12.4379,-5.69486
5.4765,-0.641315,12.4379,-5.69486
5.15355,-0.556733,12.4379,-5.69486
4.81826,-0.506442,12.4379,-5.69486
4.47356,-0.490696,12.4379,-5.69486
4.12207,-0.509335,12.4379,-5.69486
3.76613,-0.56182,12.4379,-5.69486
3.4077,-0.647269,12.4379,-5.69486
3.04841,-0.764487,12.4379,-5.69486
2.68954,-0.911988,12.4379,-5.69486
2.33215,-1.08801,12.4379,-5.69486
1.97716,-1.29054,12.4379,-5.69486
1.6254,-1.51736,12.4379,-5.69486
1.27772,-1.76609,12.4379,-5.69486
0.934964,-2.03437,12.4379,-5.69486
0.597969,-2.31989,12.4379,-5.69486
0.267541,-2.6206,12.4379,-5.69486
-0.0555681,-2.93467,12.4379,-5.69486
-0.37066,-3.26058,12.4379,-5.69486
-0.677077,-3.59707,12.4379,-5.69486
-0.974181,-3.94312,12.4379,-5.69486
-1.26133,-4.2979,12.4379,-5.69486
-1.53789,-4.6607,12.4379,-5.69486
-1.80315,-5.03096,12.4379,-5.69486
-2.0564,-5.40815,12.4379,-5.69486
-2.29687,-5.79181,12.4379,-5.69486
-2.5237,-6.18148,12.4379,-5.69486
-2.73602,-6.57668,12.4379,-5.69486
-2.93285,-6.97692,12.4379,-5.69486
-3.11317,-7.38162,12.4379,-5.69486
-3.27587,-7.79013,12.4379,-5.69486
-3.41981,-8.20171,12.4379,-5.69486
-3.54377,-8.61544,12.4379,-5.69486
-3.6465,-9.03029,12.4379,-5.69486
-3.72671,-9.445,12.4379,-5.69486
-3.78314,-9.85812,12.4379,-5.69486
-3.81455,-10.2679,12.4379,-5.69486
-3.81979,-10.6725,12.4379,-5.69486
-3.79784,-11.0696,12.4379,-5.69486
-3.74792,-11.4567,12.4379,-5.69486
-3.66948,-11.8312,12.4379,-5.69486
-3.56236,-12.1901,12.4379,-5.69486
-3.42677,-12.5305,12.4379,-5.69486
-3.2634,-12.8493,12.4379,-5.69486
-3.07337,-13.1438,12.4379,-5.69486
-2.85825,-13.411,12.4379,-5.69486
-2.62005,-13.6486,12.4379,-5.69486
-2.36113,-13.8543,12.4379,-5.69486
-2.08423,-14.0261,12.4379,-5.69486
-1.79236,-14.1623,12.4379,-5.69486
-1.48884,-14.2616,12.4379,-5.69486
-1.17719,-14.3231,12.4379,-5.69486
-0.861099,-14.3462,12.4379,-5.69486
-0.544349,-14.3306,12.4379,-5.69486
-0.230701,-14.2767,12.4379,-5.69486
0.0761819,-14.1852,12.4379,-5.69486
0.372841,-14.057,12.4379,-5.69486
0.656111,-13.8937,12.4379,-5.69486
0.923205,-13.6968,12.4379,-5.69486
1.17178,-13.4684,12.4379,-5.69486
1.40001,-13.2102,12.4379,-5.69486
1.60659,-12.9243,12.4379,-5.69486
1.79077,-12.6127,12.4379,-5.69486
1.95236,-12.2772,12.4379,-5.69486
2.09166,-11.9196,12.4379,-5.69486
2.20942,-11.5416,12.4379,-5.69486
2.30678,-11.1453,12.4379,-5.69486
2.38506,-10.7328,12.4379,-5.69486
2.44572,-10.3064,12.4379,-5.69486
2.49022,-9.86883,12.4379,-5.69486
2.51987,-9.42243,12.4379,-5.69486
2.53581,-8.96952,12.4379,-5.69486
2.53896,-8.51206,12.4379,-5.69486
2.53004,-8.05167,12.4379,-5.69486
2.50953,-7.58968,12.4379,-5.69486
2.47777,-7.12718,12.4379,-5.69486
2.43493,-6.66508,12.4379,-5.69486
2.38107,-6.20417,12.4379,-5.69486
2.31612,-5.74518,12.4379,-5.69486
2.23996,-5.28879,12.4379,-5.69486
2.15237,-4.83566,12.4379,-5.69486
2.05309,-4.38648,12.4379,-5.69486
1.9418,-3.94197,12.4379,-5.69486
1.81817,-3.50289,12.4379,-5.69486
1.68181,-3.07008,12.4379,-5.69486
1.53233,-2.64446,12.4379,-5.69486
1.36934,-2.22703,12.4379,-5.69486
1.19245,-1.81894,12.4379,-5.69486
1.0013,-1.42143,12.4379,-5.69486
0.795581,-1.03591,12.4379,-5.69486
0.575053,-0.66394,12.4379,-5.69486
0.339578,-0.30725,12.4379,-5.69486
0.0891621,0.0322563,12.4379,-5.69486
-0.176005,0.352497,12.4379,-5.69486
-0.455497,0.651227,12.4379,-5.69486
-0.748598,0.926066,12.4379,-5.69486
-1.05425,1.17455,12.4379,-5.69486
-1.371,1.39419,12.4379,-5.69486
-1.697,1.5826,12.4379,-5.69486
-2.02998,1.73758,12.4379,-5.69486
-2.3673,1.85727,12.4379,-5.69486
-2.70602,1.94022,12.4379,-5.69486
-3.043,1.98551,12.4379,-5.69486
-3.37495,1.9927,12.4379,-5.69486
-3.69853,1.96189,12.4379,-5.69486
-4.01034,1.89367,12.4379,-5.69486
-4.30696,1.78908,12.4379,-5.69486
-4.58497,1.64964,12.4379,-5.69486
-4.84101,1.4773,12.4379,-5.69486
-5.07184,1.2745,12.4379,-5.69486
-5.27445,1.04406,12.4379,-5.69486
-5.44613,0.789205,12.4379,-5.69486
-5.58456,0.513452,12.4379,-5.69486
-5.68786,0.220522,12.4379,-5.69486
-5.75467,-0.0857571,12.4379,-5.69486
-5.78411,-0.401571,12.4379,-5.69486
-5.77581,-0.72324,12.4379,-5.69486
-5.72986,-1.04733,12.4379,-5.69486
-5.64676,-1.37079,12.4379,-5.69486
-5.52736,-1.69099,12.4379,-5.69486
-5.37279,-2.00589,12.4379,-5.69486
-5.18439,-2.31399,12.4379,-5.69486
-4.9637,-2.61441,12.4379,-5.69486
-4.71247,-2.90678,12.4379,-5.69486
-4.43276,-3.19111,12.4379,-5.69486
-4.12697,-3.46763,12.4379,-5.69486
-3.79792,-3.73658,12.4379,-5.69486
-3.44873,-3.99809,12.4379,-5.69486
-3.08259,-4.25218,12.4379,-5.69486
-2.70249,-4.49874,12.4379,-5.69486
-2.31102,-4.73764,12.4379,-5.69486
-1.91029,-4.96872,12.4379,-5.69486
-1.50195,-5.1918,12.4379,-5.69486
-1.08726,-5.4067,12.4379,-5.69486
-0.667187,-5.61323,12.4379,-5.69486
-0.24247,-5.81113,12.4379,-5.69486
0.186309,-6.00014,12.4379,-5.69486
0.618679,-6.17995,12.4379,-5.69486
1.05425,-6.35021,12.4379,-5.69486
1.49266,-6.51054,12.4379,-5.69486
1.9336,-6.6605,12.4379,-5.69486
2.37675,-6.79963,12.4379,-5.69486
2.8218,-6.92744,12.4379,-5.69486
3.2684,-7.04339,12.4379,-5.69486
3.7162,-7.14689,12.4379,-5.69486
4.16479,-7.23735,12.4379,-5.69486
4.61371,-7.3141,12.4379,-5.69486
5.06245,-7.37648,12.4379,-5.69486
5.51043,-7.42377,12.4379,-5.69486
5.95697,-7.45523,12.4379,-5.69486
6.40131,-7.47011,12.4379,-5.69486
6.84256,-7.46764,12.4379,-5.69486
7.27973,-7.44704,12.4379,-5.69486
7.71166,-7.40753,12.4379,-5.69486
8.13707,-7.34839,12.4379,-5.69486
8.55447,-7.26893,12.4379,-5.69486
8.96223,-7.16853,12.4379,-5.69486
9.35849,-7.04668,12.4379,-5.69486
9.74123,-6.90304,12.4379,-5.69486
10.1082,-6.73743,12.4379,-5.69486
10.4571,-6.54995,12.4379,-5.69486
10.7853,-6.34097,12.4379,-5.69486
11.0903,-6.1112,12.4379,-5.69486
11.3695,-5.86173,12.4379,-5.69486
11.6202,-5.59405,12.4379,-5.69486
11.8401,-5.31006,12.4379,-5.69486
12.0269,-5.01206,12.4379,-5.69486
12.1789,-4.70274,12.4379,-5.69486
12.2943,-4.38511,12.4379,-5.69486
12.3721,-4.06243,12.4379,-5.69486
12.4116,-3.73818,12.4379,-5.69486
12.4124,-3.416,12.4379,-5.69486
12.3749,-3.09961,12.4379,-5.69486
12.2995,-2.79283,12.4379,-5.69486
12.1875,-2.49945,12.4379,-5.69486
12.0403,-2.22321,12.4379,-5.69486
11.8601,-1.96767,12.4379,-5.69486
11.6493,-1.73618,12.4379,-5.69486
11.4106,-1.53177,12.4379,-5.69486
11.1473,-1.35708,12.4379,-5.69486
10.8625,-1.21433,12.4379,-5.69486
10.5599,-1.10526,12.4379,-5.69486
10.2429,-1.03114,12.4379,-5.69486
9.91493,-0.992726,12.4379,-5.69486
9.57923,-0.990336,12.4379,-5.69486
9.23882,-1.02384,12.4379,-5.69486
8.89634,-1.09272,12.4379,-5.69486
8.55404,-1.19613,12.4379,-5.69486
8.21375,-1.33288,12.4379,-5.69486
7.87686,-1.50157,12.4379,-5.69486
7.54438,-1.7005,12.4379,-5.69486
7.21705,-1.92773,12.4379,-5.69486
6.89541,-2.18105,12.4379,-5.69486
6.57994,-2.45802,12.4379,-5.69486
6.27113,-2.75606,12.4379,-5.69486
5.96948,-3.07257,12.4379,-5.69486
5.67551,-3.40507,12.4379,-5.69486
5.38975,-3.7513,12.4379,-5.69486
5.1127,-4.10935,12.4379,-5.69486
4.84485,-4.4776,12.4379,-5.69486
4.58667,-4.85473,12.4379,-5.69486
4.33866,-5.23969,12.4379,-5.69486
4.10134,-5.63159,12.4379,-5.69486
3.87526,-6.0297,12.4379,-5.69486
3.66104,-6.43339,12.4379,-5.69486
3.45934,-6.8421,12.4379,-5.69486
3.27086,-7.25528,12.4379,-5.69486
3.09641,-7.67242,12.4379,-5.69486
2.93681,-8.09294,12.4379,-5.69486
2.79299,-8.51626,12.4379,-5.69486
2.66593,-8.94168,12.4379,-5.69486
2.55665,-9.36845,12.4379,-5.69486
2.46625,-9.79567,12.4379,-5.69486
2.39586,-10.2223,12.4379,-5.69486
2.34665,-10.6471,12.4379,-5.69486
2.31977,-11.0686,12.4379,-5.69486
2.31637,-11.4852,12.4379,-5.69486
2.3375,-11.8951,12.4379,-5.69486
2.38412,-12.2959,12.4379,-5.69486
2.45697,-12.6852,12.4379,-5.69486
2.55656,-13.0605,12.4379,-5.69486
2.68304,-13.4187,12.4379,-5.69486
2.83618,-13.7568,12.4379,-5.69486
3.01528,-14.0719,12.4379,-5.69486
3.21917,-14.361,12.4379,-5.69486
3.44621,-14.6213,12.4379,-5.69486
3.69433,-14.8503,12.4379,-5.69486
3.96107,-15.0458,12.4379,-5.69486
4.2436,-15.206,12.4379,-5.69486
4.53881,-15.3293,12.4379,-5.69486
4.84328,-15.4147,12.4379,-5.69486
5.15337,-15.4612,12.4379,-5.69486
5.46522,-15.4687,12.4379,-5.69486
5.77488,-15.437,12.4379,-5.69486
6.07837,-15.3667,12.4379,-5.69486
6.37176,-15.2588,12.4379,-5.69486
6.65133,-15.1147,12.4379,-5.69486
6.9136,-14.9361,12.4379,-5.69486
7.15548,-14.7252,12.4379,-5.69486
7.37427,-14.4843,12.4379,-5.69486
7.56779,-14.2159,12.4379,-5.69486
7.73437,-13.9226,12.4379,-5.69486
7.87287,-13.6066,12.4379,-5.69486
7.98273,-13.2702,12.4379,-5.69486
8.0639,-12.9156,12.4379,-5.69486
8.11684,-12.5444,12.4379,-5.69486
8.14252,-12.1583,12.4379,-5.69486
8.14232,-11.7588,12.4379,-5.69486
8.118,-11.3474,12.4379,-5.69486
8.07157,-10.9261,12.4379,-5.69486
8.00519,-10.4968,12.4379,-5.69486
7.92096,-10.0617,12.4379,-5.69486
7.82081,-9.62278,12.4379,-5.69486
7.70639,-9.18189,12.4379,-5.69486
7.57903,-8.74059,12.4379,-5.69486
7.43975,-8.3002,12.4379,-5.69486
7.28931,-7.86179,12.4379,-5.69486
7.12824,-7.42626,12.4379,-5.69486
6.95687,-6.99444,12.4379,-5.69486
6.77542,-6.56704,12.4379,-5.69486
6.58397,-6.1448,12.4379,-5.69486
6.38254,-5.7284,12.4379,-5.69486
6.17107,-5.31858,12.4379,-5.69486
5.94945,-4.91612,12.4379,-5.69486
5.71756,-4.52183,12.4379,-5.69486
5.47523,-4.13661,12.4379,-5.69486
5.22233,-3.76144,12.4379,-5.69486
4.95871,-3.39739,12.4379,-5.69486
4.68426,-3.04565,12.4379,-5.69486
4.39895,-2.70753,12.4379,-5.69486
4.10278,-2.38445,12.4379,-5.69486
3.79589,-2.07801,12.4379,-5.69486
3.47856,-1.7899,12.4379,-5.69486
3.15124,-1.52201,12.4379,-5.69486
2.81459,-1.27632,12.4379,-5.69486
2.46958,-1.05494,12.4379,-5.69486
2.11746,-0.860039,12.4379,-5.69486
1.75987,-0.693804,12.4379,-5.69486
1.39882,-0.558332,12.4379,-5.69486
1.03675,-0.455538,12.4379,-5.69486
0.676407,-0.387026,12.4379,-5.69486
0.320854,-0.35398,12.4379,-5.69486
-0.0266782,-0.357072,12.4379,-5.69486
-0.362885,-0.396418,12.4379,-5.69486
-0.68448,-0.471579,12.4379,-5.69486
-0.98824,-0.581594,12.4379,-5.69486
-1.27102,-0.725013,12.4379,-5.69486
-1.52977,-0.899921,12.4379,-5.69486
-1.76152,-1.10395,12.4379,-5.69486
-1.9635,-1.33428,12.4379,-5.69486
-2.13314,-1.58769,12.4379,-5.69486
-2.26822,-1.86056,12.4379,-5.69486
-2.36689,-2.149,12.4379,-5.69486
-2.4278,-2.4489,12.4379,-5.69486
-2.45007,-2.75605,12.4379,-5.69486
-2.43338,-3.06624,12.4379,-5.69486
-2.37787,-3.37542,12.4379,-5.69486
-2.28419,-3.67976,12.4379,-5.69486
-2.15337,-3.97579,12.4379,-5.69486
-1.98677,-4.26047,12.4379,-5.69486
-1.78598,-4.5313,12.4379,-5.69486
-1.5527,-4.78636,12.4379,-5.69486
-1.28872,-5.02435,12.4379,-5.69486
-0.995802,-5.2446,12.4379,-5.69486
-0.675715,-5.44705,12.4379,-5.69486
-0.330315,-5.63215,12.4379,-5.69486
0.0383307,-5.80074,12.4379,-5.69486
0.427817,-5.95391,12.4379,-5.69486
0.835377,-6.09282,12.4379,-5.69486
1.25801,-6.21857,12.4379,-5.69486
1.69276,-6.33213,12.4379,-5.69486
2.13692,-6.43429,12.4379,-5.69486
2.58822,-6.52567,12.4379,-5.69486
3.04482,-6.60672,12.4379,-5.69486
3.50531,-6.67776,12.4379,-5.69486
3.96856,-6.73895,12.4379,-5.69486
4.43371,-6.79034,12.4379,-5.69486
4.90003,-6.83191,12.4379,-5.69486
5.36692,-6.86354,12.4379,-5.69486
5.83387,-6.88503,12.4379,-5.69486
6.30037,-6.89615,12.4379,-5.69486
6.76598,-6.89661,12.4379,-5.69486
7.23021,-6.88607,12.4379,-5.69486
7.6926,-6.86416,12.4379,-5.69486
8.15264,-6.83047,12.4379,-5.69486
8.60977,-6.78457,12.4379,-5.69486
9.06341,-6.72601,12.4379,-5.69486
9.51291,-6.65431,12.4379,-5.69486
9.95752,-6.56897,12.4379,-5.69486
10.3965,-6.4695,12.4379,-5.69486
10.8288,-6.35541,12.4379,-5.69486
11.2536,-6.22622,12.4379,-5.69486
11.6697,-6.08145,12.4379,-5.69486
12.0758,-5.92069,12.4379,-5.69486
12.4706,-5.74358,12.4379,-5.69486
12.8525,-5.54984,12.4379,-5.69486
13.2197,-5.33934,12.4379,-5.69486
13.5701,-5.11207,12.4379,-5.69486
13.9015,-4.86825,12.4379,-5.69486
14.2114,-4.60829,12.4379,-5.69486
14.4973,-4.33294,12.4379,-5.69486
14.7565,-4.04329,12.4379,-5.69486
14.9865,-3.74086,12.4379,-5.69486
15.1846,-3.42759,12.4379,-5.69486
15.3486,-3.10585,12.4379,-5.69486
15.4766,-2.77837,12.4379,-5.69486
15.5671,-2.4482,12.4379,-5.69486
15.6191,-2.11857,12.4379,-5.69486
15.6324,-1.79287,12.4379,-5.69486
15.607,-1.47455,12.4379,-5.69486
15.5435,-1.16716,12.4379,-5.69486
15.4431,-0.87431,12.4379,-5.69486
15.3071,-0.599615,12.4379,-5.69486
15.1378,-0.346653,12.4379,-5.69486
14.9377,-0.118865,12.4379,-5.69486
14.7097,0.0805391,12.4379,-5.69486
14.4572,0.248685,12.4379,-5.69486
14.184,0.383114,12.4379,-5.69486
13.894,0.481851,12.4379,-5.69486
13.5914,0.543444,12.4379,-5.69486
13.2803,0.566983,12.4379,-5.69486
12.9647,0.552093,12.4379,-5.69486
12.6486,0.498898,12.4379,-5.69486
12.3355,0.40797,12.4379,-5.69486
12.0284,0.280263,12.4379,-5.69486
11.7302,0.117025,12.4379,-5.69486
11.4428,-0.0802747,12.4379,-5.69486
11.1679,-0.310021,12.4379,-5.69486
10.9062,-0.570492,12.4379,-5.69486
10.6584,-0.859858,12.4379,-5.69486
10.4241,-1.17613,12.4379,-5.69486
10.2032,-1.51707,12.4379,-5.69486
9.99488,-1.88013,12.4379,-5.69486
9.7987,-2.26248,12.4379,-5.69486
9.61406,-2.66117,12.4379,-5.69486
9.44052,-3.07328,12.4379,-5.69486
9.27775,-3.49619,12.4379,-5.69486
9.12552,-3.92767,12.4379,-5.69486
8.9837,-4.3659,12.4379,-5.69486
8.85226,-4.80942,12.4379,-5.69486
8.73127,-5.25705,12.4379,-5.69486
8.62088,-5.70787,12.4379,-5.69486
8.52132,-6.16108,12.4379,-5.69486
8.43292,-6.616,12.4379,-5.69486
8.35606,-7.07203,12.4379,-5.69486
8.2912,-7.52857,12.4379,-5.69486
8.23886,-7.98503,12.4379,-5.69486
8.19961,-8.44082,12.4379,-5.69486
8.17409,-8.89529,12.4379,-5.69486
8.16299,-9.34772,12.4379,-5.69486
8.16703,-9.79732,12.4379,-5.69486
8.18697,-10.2432,12.4379,-5.69486
8.22361,-10.6843,12.4379,-5.69486
8.27775,-11.1195,12.4379,-5.69486
8.35019,-11.5474,12.4379,-5.69486
8.44169,-11.9666,12.4379,-5.69486
8.55296,-12.3752,12.4379,-5.69486
8.68462,-12.7712,12.4379,-5.69486
8.83709,-13.1526,12.4379,-5.69486
9.01063,-13.5167,12.4379,-5.69486
9.20518,-13.861,12.4379,-5.69486
9.42035,-14.1827,12.4379,-5.69486
9.65534,-14.4787,12.4379,-5.69486
9.90887,-14.7463,12.4379,-5.69486
10.1792,-14.9827,12.4379,-5.69486
10.4642,-15.1854,12.4379,-5.69486
10.7613,-15.3525,12.4379,-5.69486
11.0675,-15.4823,12.4379,-5.69486
11.3799,-15.5736,12.4379,-5.69486
11.6949,-15.6258,12.4379,-5.69486
12.0091,-15.6385,12.4379,-5.69486
12.3187,-15.6119,12.4379,-5.69486
12.6199,-15.5466,12.4379,-5.69486
12.9087,-15.4437,12.4379,-5.69486
13.1814,-15.3047,12.4379,-5.69486
13.4341,-15.1316,12.4379,-5.69486
13.6633,-14.9268,12.4379,-5.69486
13.8659,-14.6933,12.4379,-5.69486
14.0391,-14.4341,12.4379,-5.69486
14.1807,-14.1526,12.4379,-5.69486
14.2889,-13.8522,12.4379,-5.69486
14.3624,-13.5363,12.4379,-5.69486
14.4005,-13.2081,12.4379,-5.69486
14.4029,-12.8707,12.4379,-5.69486
14.3699,-12.5265,12.4379,-5.69486
14.3021,-12.178,12.4379,-5.69486
14.2005,-11.8266,12.4379,-5.69486
14.0664,-11.4737,12.4379,-5.69486
13.9016,-11.1202,12.4379,-5.69486
13.708,-10.7665,12.4379,-5.69486
13.4882,-10.4135,12.4379,-5.69486
13.245,-10.0617,12.4379,-5.69486
12.9812,-9.71195,12.4379,-5.69486
12.6999,-9.3653,12.4379,-5.69486
12.4035,-9.02264,12.4379,-5.69486
12.0944,-8.68483,12.4379,-5.69486
11.7744,-8.35261,12.4379,-5.69486
11.4447,-8.02662,12.4379,-5.69486
11.1066,-7.70746,12.4379,-5.69486
10.7608,-7.39566,12.4379,-5.69486
10.4079,-7.09178,12.4379,-5.69486
10.0484,-6.79638,12.4379,-5.69486
9.68269,-6.51005,12.4379,-5.69486
9.31104,-6.23342,12.4379,-5.69486
8.93372,-5.9672,12.4379,-5.69486
8.55096,-5.71213,12.4379,-5.69486
8.16303,-5.46904,12.4379,-5.69486
7.77016,-5.23882,12.4379,-5.69486
7.37269,-5.02244,12.4379,-5.69486
6.97096,-4.82096,12.4379,-5.69486
6.56543,-4.63553,12.4379,-5.69486
6.15667,-4.46738,12.4379,-5.69486
5.74537,-4.31781,12.4379,-5.69486
5.33241,-4.18823,12.4379,-5.69486
4.91884,-4.08008,12.4379,-5.69486
4.506,-3.99487,12.4379,-5.69486
4.09545,-3.9341,12.4379,-5.69486
3.68911,-3.89925,12.4379,-5.69486
3.28921,-3.89166,12.4379,-5.69486
2.89829,-3.91253,12.4379,-5.69486
2.51925,-3.96274,12.4379,-5.69486
2.15518,-4.0428,12.4379,-5.69486
1.80936,-4.15274,12.4379,-5.69486
1.48506,-4.29206,12.4379,-5.69486
1.18541,-4.45972,12.4379,-5.69486
0.913346,-4.65415,12.4379,-5.69486
0.671483,-4.87329,12.4379,-5.69486
0.462156,-5.11468,12.4379,-5.69486
0.28741,-5.37545,12.4379,-5.69486
0.149009,-5.65237,12.4379,-5.69486
0.0484066,-5.94181,12.4379,-5.69486
-0.0133067,-6.23988,12.4379,-5.69486
-0.0354626,-6.5424,12.4379,-5.69486
-0.0178707,-6.84504,12.4379,-5.69486
0.0391468,-7.14342,12.4379,-5.69486
0.134748,-7.43323,12.4379,-5.69486
0.267591,-7.71033,12.4379,-5.69486
0.435885,-7.97085,12.4379,-5.69486
0.637457,-8.21133,12.4379,-5.69486
0.869853,-8.42872,12.4379,-5.69486
1.13044,-8.62052,12.4379,-5.69486
1.41652,-8.78475,12.4379,-5.69486
1.72548,-8.92004,12.4379,-5.69486
2.05486,-9.02557,12.4379,-5.69486
2.40247,-9.10109,12.4379,-5.69486
2.76645,-9.14691,12.4379,-5.69486
3.1452,-9.16386,12.4379,-5.69486
3.53731,-9.15325,12.4379,-5.69486
3.94137,-9.11685,12.4379,-5.69486
4.35582,-9.05679,12.4379,-5.69486
4.7788,-8.97544,12.4379,-5.69486
5.20825,-8.87521,12.4379,-5.69486
5.64206,-8.75839,12.4379,-5.69486
6.0783,-8.62699,12.4379,-5.69486
6.5153,-8.48265,12.4379,-5.69486
6.95171,-8.32666,12.4379,-5.69486
7.38645,-8.15996,12.4379,-5.69486
7.81861,-7.98325,12.4379,-5.69486
8.24746,-7.797,12.4379,-5.69486
8.67234,-7.60154,12.4379,-5.69486
9.09267,-7.39703,12.4379,-5.69486
9.50787,-7.18359,12.4379,-5.69486
9.91739,-6.96123,12.4379,-5.69486
10.3207,-6.72993,12.4379,-5.69486
10.7171,-6.48962,12.4379,-5.69486
11.106,-6.24021,12.4379,-5.69486
11.4867,-5.98159,12.4379,-5.69486
11.8586,-5.71367,12.4379,-5.69486
12.2208,-5.43634,12.4379,-5.69486
12.5724,-5.14952,12.4379,-5.69486
12.9125,-4.85321,12.4379,-5.69486
13.2397,-4.54743,12.4379,-5.69486
13.5529,-4.23225,12.4379,-5.69486
13.8507,-3.90782,12.4379,-5.69486
14.1316,-3.57439,12.4379,-5.69486
14.3938,-3.23235,12.4379,-5.69486
14.6355,-2.88226,12.4379,-5.69486
14.855,-2.52491,12.4379,-5.69486
15.0501,-2.16135,12.4379,-5.69486
15.2187,-1.79297,12.4379,-5.69486
15.3589,-1.42151,12.4379,-5.69486
15.4685,-1.04909,12.4379,-5.69486
15.5458,-0.678236,12.4379,-5.69486
15.5894,-0.311828,12.4379,-5.69486
15.5981,0.0469844,12.4379,-5.69486
15.5715,0.394894,12.4379,-5.69486
15.5096,0.728557,12.4379,-5.69486
15.4131,1.0447,12.4379,-5.69486
15.2831,1.34016,12.4379,-5.69486
15.1214,1.61192,12.4379,-5.69486
14.93,1.85708,12.4379,-5.69486
14.7117,2.07287,12.4379,-5.69486
14.4693,2.25669,12.4379,-5.69486
14.2065,2.40623,12.4379,-5.69486
13.927,2.51948,12.4379,-5.69486
13.6351,2.59489,12.4379,-5.69486
13.3351,2.63137,12.4379,-5.69486
13.0314,2.62839,12.4379,-5.69486
12.7286,2.58595,12.4379,-5.69486
12.4309,2.50459,12.4379,-5.69486
12.1425,2.38537,12.4379,-5.69486
11.867,2.22973,12.4379,-5.69486
11.6079,2.03949,12.4379,-5.69486
11.3679,1.81669,12.4379,-5.69486
11.1493,1.56354,12.4379,-5.69486
10.9538,1.28222,12.4379,-5.69486
10.7824,0.974878,12.4379,-5.69486
10.6355,0.643508,12.4379,-5.69486
10.5131,0.289951,12.4379,-5.69486
10.4145,-0.0840434,12.4379,-5.69486
10.3385,-0.476697,12.4379,-5.69486
10.2836,-0.886044,12.4379,-5.69486
10.2481,-1.30983,12.4379,-5.69486
10.2302,-1.74555,12.4379,-5.69486
10.2283,-2.1906,12.4379,-5.69486
10.2406,-2.64254,12.4379,-5.69486
10.2661,-3.09918,12.4379,-5.69486
10.3037,-3.55876,12.4379,-5.69486
10.3527,-4.01981,12.4379,-5.69486
10.4125,-4.48118,12.4379,-5.69486
10.4828,-4.94192,12.4379,-5.69486
10.5634,-5.40123,12.4379,-5.69486
10.6544,-5.8584,12.4379,-5.69486
10.7556,-6.31276,12.4379,-5.69486
10.8673,-6.76366,12.4379,-5.69486
10.9896,-7.21046,12.4379,-5.69486
11.1228,-7.65245,12.4379,-5.69486
11.2673,-8.08891,12.4379,-5.69486
11.4232,-8.51904,12.4379,-5.69486
11.591,-8.94197,12.4379,-5.69486
11.771,-9.35673,12.4379,-5.69486
11.9637,-9.76226,12.4379,-5.69486
12.1693,-10.1574,12.4379,-5.69486
12.3881,-10.5407,12.4379,-5.69486
12.6205,-10.9108,12.4379,-5.69486
12.8666,-11.2661,12.4379,-5.69486
13.1265,-11.6046,12.4379,-5.69486
13.3999,-11.9245,12.4379,-5.69486
13.6866,-12.2234,12.4379,-5.69486
13.986,-12.4992,12.4379,-5.69486
14.297,-12.7492,12.4379,-5.69486
14.6184,-12.9712,12.4379,-5.69486
14.9485,-13.1625,12.4379,-5.69486
15.285,-13.3209,12.4379,-5.69486
15.6253,-13.4445,12.4379,-5.69486
15.9667,-13.5315,12.4379,-5.69486
16.3059,-13.5811,12.4379,-5.69486
16.6397,-13.5926,12.4379,-5.69486
16.9647,-13.5661,12.4379,-5.69486
17.2777,-13.502,12.4379,-5.69486
17.5751,-13.4016,12.4379,-5.69486
17.8536,-13.2661,12.4379,-5.69486
18.1099,-13.0977,12.4379,-5.69486
18.3407,-12.8988,12.4379,-5.69486
18.5428,-12.6722,12.4379,-5.69486
18.7136,-12.4212,12.4379,-5.69486
18.8507,-12.1495,12.4379,-5.69486
18.9519,-11.8611,12.4379,-5.69486
19.0159,-11.5601,12.4379,-5.69486
19.0418,-11.2505,12.4379,-5.69486
19.0292,-10.9364,12.4379,-5.69486
18.9781,-10.6218,12.4379,-5.69486
18.889,-10.3102,12.4379,-5.69486
18.763,-10.0048,12.4379,-5.69486
18.6013,-9.70835,12.4379,-5.69486
18.4053,-9.42301,12.4379,-5.69486
18.1765,-9.15032,12.4379,-5.69486
17.9168,-8.89124,12.4379,-5.69486
17.6279,-8.64612,12.4379,-5.69486
17.3116,-8.41485,12.4379,-5.69486
16.9703,-8.19694,12.4379,-5.69486
16.6063,-7.99171,12.4379,-5.69486
16.2226,-7.79846,12.4379,-5.69486
15.8223,-7.61653,12.4379,-5.69486
15.4082,-7.44541,12.4379,-5.69486
14.9832,-7.28468,12.4379,-5.69486
14.5496,-7.13405,12.4379,-5.69486
14.1092,-6.99333,12.4379,-5.69486
13.6636,-6.86244,12.4379,-5.69486
13.2138,-6.74137,12.4379,-5.69486
12.7608,-6.63023,12.4379,-5.69486
12.3054,-6.52916,12.4379,-5.69486
11.8481,-6.43844,12.4379,-5.69486
11.3897,-6.35838,12.4379,-5.69486
10.9306,-6.2894,12.4379,-5.69486
10.4714,-6.23198,12.4379,-5.69486
10.0126,-6.18667,12.4379,-5.69486
9.5549,-6.15407,12.4379,-5.69486
9.09886,-6.13485,12.4379,-5.69486
8.64521,-6.12971,12.4379,-5.69486
8.19474,-6.13942,12.4379,-5.69486
7.74834,-6.16478,12.4379,-5.69486
7.30707,-6.2066,12.4379,-5.69486
6.87212,-6.26574,12.4379,-5.69486
6.44486,-6.34302,12.4379,-5.69486
6.02688,-6.43924,12.4379,-5.69486
5.62001,-6.55513,12.4379,-5.69486
5.2263,-6.69132,12.4379,-5.69486
4.84807,-6.84825,12.4379,-5.69486
4.48789,-7.02614,12.4379,-5.69486
4.14855,-7.2249,12.4379,-5.69486
3.833,-7.44404,12.4379,-5.69486
3.54424,-7.68263,12.4379,-5.69486
3.28519,-7.93927,12.4379,-5.69486
3.05858,-8.21204,12.4379,-5.69486
2.86676,-8.49862,12.4379,-5.69486
2.71164,-8.7963,12.4379,-5.69486
2.59468,-9.10209,12.4379,-5.69486
2.51682,-9.41273,12.4379,-5.69486
2.47859,-9.72477,12.4379,-5.69486
2.4801,-10.0346,12.4379,-5.69486
2.52099,-10.3382,12.4379,-5.69486
2.60046,-10.6318,12.4379,-5.69486
2.71721,-10.9113,12.4379,-5.69486
2.86944,-11.1728,12.4379,-5.69486
3.05487,-11.4125,12.4379,-5.69486
3.27076,-11.6268,12.4379,-5.69486
3.514,-11.8128,12.4379,-5.69486
3.78119,-11.9676,12.4379,-5.69486
4.06875,-12.0893,12.4379,-5.69486
4.37303,-12.1761,12.4379,-5.69486
4.69044,-12.2269,12.4379,-5.69486
5.01756,-12.2413,12.4379,-5.69486
5.35127,-12.2191,12.4379,-5.69486
5.68887,-12.1608,12.4379,-5.69486
6.02813,-12.0669,12.4379,-5.69486
6.36737,-11.9387,12.4379,-5.69486
6.70541,-11.7775,12.4379,-5.69486
7.04155,-11.5851,12.4379,-5.69486
7.37536,-11.3635,12.4379,-5.69486
7.70652,-11.1151,12.4379,-5.69486
8.03465,-10.8429,12.4379,-5.69486
8.35919,-10.55,12.4379,-5.69486
8.67949,-10.2394,12.4379,-5.69486
8.99484,-9.91389,12.4379,-5.69486
9.3046,-9.57596,12.4379,-5.69486
9.60818,-9.22756,12.4379,-5.69486
9.90508,-8.87019,12.4379,-5.69486
10.1949,-8.505,12.4379,-5.69486
10.4771,-8.13287,12.4379,-5.69486
10.7514,-7.75447,12.4379,-5.69486
11.0173,-7.37029,12.4379,-5.69486
11.2743,-6.98074,12.4379,-5.69486
11.5221,-6.58614,12.4379,-5.69486
11.76,-6.18678,12.4379,-5.69486
11.9875,-5.78289,12.4379,-5.69486
12.2041,-5.37475,12.4379,-5.69486
12.409,-4.96262,12.4379,-5.69486
12.6015,-4.54687,12.4379,-5.69486
12.7808,-4.12787,12.4379,-5.69486
12.9457,-3.70605,12.4379,-5.69486
13.0955,-3.28192,12.4379,-5.69486
13.229,-2.85607,12.4379,-5.69486
13.345,-2.4292,12.4379,-5.69486
13.4423,-2.00218,12.4379,-5.69486
13.5197,-1.57604,12.4379,-5.69486
13.5757,-1.15202,12.4379,-5.69486
13.6091,-0.731621,12.4379,-5.69486
13.6186,-0.316617,12.4379,-5.69486
13.6028,0.0909136,12.4379,-5.69486
13.5608,0.488568,12.4379,-5.69486
13.4916,0.873631,12.4379,-5.69486
13.3948,1.24311,12.4379,-5.69486
13.2701,1.59381,12.4379,-5.69486
13.118,1.92248,12.4379,-5.69486
12.9395,2.2259,12.4379,-5.69486
12.7359,2.50107,12.4379,-5.69486
12.5092,2.7453,12.4379,-5.69486
12.2619,2.95626,12.4379,-5.69486
11.9966,3.13196,12.4379,-5.69486
11.7165,3.27075,12.4379,-5.69486
11.4252,3.37129,12.4379,-5.69486
11.1263,3.43261,12.4379,-5.69486
10.8241,3.45414,12.4379,-5.69486
10.5227,3.43578,12.4379,-5.69486
10.2266,3.37791,12.4379,-5.69486
9.94018,3.28146,12.4379,-5.69486
9.66761,3.14788,12.4379,-5.69486
9.41293,2.9791,12.4379,-5.69486
9.17981,2.77748,12.4379,-5.69486
8.97149,2.54574,12.4379,-5.69486
8.79073,2.28682,12.4379,-5.69486
8.63976,2.0038,12.4379,-5.69486
8.52025,1.69978,12.4379,-5.69486
8.43332,1.37774,12.4379,-5.69486
8.37953,1.0404,12.4379,-5.69486
8.35893,0.690178,12.4379,-5.69486
8.37109,0.329085,12.4379,-5.69486
8.41511,-0.0412696,12.4379,-5.69486
8.48963,-0.419615,12.4379,-5.69486
8.59287,-0.804871,12.4379,-5.69486
8.72265,-1.19596,12.4379,-5.69486
8.87642,-1.59164,12.4379,-5.69486
9.05145,-1.99047,12.4379,-5.69486
9.24502,-2.39088,12.4379,-5.69486
9.45464,-2.79131,12.4379,-5.69486
9.67817,-3.19037,12.4379,-5.69486
9.91387,-3.58688,12.4379,-5.69486
10.1604,-3.97985,12.4379,-5.69486
10.4168,-4.36849,12.4379,-5.69486
10.6823,-4.75209,12.4379,-5.69486
10.9564,-5.13002,12.4379,-5.69486
11.2387,-5.50172,12.4379,-5.69486
11.529,-5.86661,12.4379,-5.69486
11.827,-6.2241,12.4379,-5.69486
12.1327,-6.57356,12.4379,-5.69486
12.4459,-6.9143,12.4379,-5.69486
12.7667,-7.24556,12.4379,-5.69486
13.0948,-7.56652,12.4379,-5.69486
13.4303,-7.87626,12.4379,-5.69486
13.7732,-8.17381,12.4379,-5.69486
14.1231,-8.45808,12.4379,-5.69486
14.4801,-8.7279,12.4379,-5.69486
14.8439,-8.98197,12.4379,-5.69486
15.214,-9.21891,12.4379,-5.69486
15.5899,-9.4372,12.4379,-5.69486
15.9711,-9.63522,12.4379,-5.69486
16.3566,-9.81126,12.4379,-5.69486
16.7453,-9.96354,12.4379,-5.69486
17.1357,-10.0902,12.4379,-5.69486
17.526,-10.1895,12.4379,-5.69486
17.9141,-10.2595,12.4379,-5.69486
18.2976,-10.2989,12.4379,-5.69486
18.6734,-10.3063,12.4379,-5.69486
19.0385,-10.2809,12.4379,-5.69486
19.3897,-10.2222,12.4379,-5.69486
19.7236,-10.1305,12.4379,-5.69486
20.0369,-10.0066,12.4379,-5.69486
20.3267,-9.85177,12.4379,-5.69486
20.59,-9.66776,12.4379,-5.69486
20.8243,-9.45684,12.4379,-5.69486
21.0269,-9.22172,12.4379,-5.69486
21.1958,-8.96548,12.4379,-5.69486
21.3289,-8.69165,12.4379,-5.69486
21.4246,-8.40409,12.4379,-5.69486
21.4816,-8.10695,12.4379,-5.69486
21.4993,-7.80458,12.4379,-5.69486
21.4773,-7.50141,12.4379,-5.69486
21.416,-7.20184,12.4379,-5.69486
21.3163,-6.91016,12.4379,-5.69486
21.1794,-6.63036,12.4379,-5.69486
21.007,-6.36611,12.4379,-5.69486
20.8011,-6.12064,12.4379,-5.69486
20.5642,-5.89667,12.4379,-5.69486
20.2984,-5.69639,12.4379,-5.69486
20.0061,-5.52138,12.4379,-5.69486
19.6897,-5.37263,12.4379,-5.69486
19.3511,-5.25053,12.4379,-5.69486
18.9922,-5.15488,12.4379,-5.69486
18.6147,-5.08497,12.4379,-5.69486
18.2202,-5.03957,12.4379,-5.69486
17.8106,-5.01709,12.4379,-5.69486
17.3877,-5.01562,12.4379,-5.69486
16.954,-5.03315,12.4379,-5.69486
16.5118,-5.0677,12.4379,-5.69486
16.0635,-5.11747,12.4379,-5.69486
15.6113,-5.18091,12.4379,-5.69486
15.1569,-5.2568,12.4379,-5.69486
14.7016,-5.34421,12.4379,-5.69486
14.2468,-5.44246,12.4379,-5.69486
13.7933,-5.55109,12.4379,-5.69486
13.3418,-5.66982,12.4379,-5.69486
12.8932,-5.79848,12.4379,-5.69486
12.4479,-5.93702,12.4379,-5.69486
12.0067,-6.08548,12.4379,-5.69486
11.5703,-6.24396,12.4379,-5.69486
11.1392,-6.41262,12.4379,-5.69486
10.7144,-6.59168,12.4379,-5.69486
10.2967,-6.78141,12.4379,-5.69486
9.88676,-6.98209,12.4379,-5.69486
9.48573,-7.19401,12.4379,-5.69486
9.09464,-7.41749,12.4379,-5.69486
8.71465,-7.65278,12.4379,-5.69486
8.34711,-7.90013,12.4379,-5.69486
7.99346,-8.1597,12.4379,-5.69486
7.65533,-8.43156,12.4379,-5.69486
7.33451,-8.71565,12.4379,-5.69486
7.03296,-9.01175,12.4379,-5.69486
6.75282,-9.3194,12.4379,-5.69486
6.49634,-9.63788,12.4379,-5.69486
6.26591,-9.96613,12.4379,-5.69486
6.06393,-10.3027,12.4379,-5.69486
5.89276,-10.6457,12.4379,-5.69486
5.7546,-10.993,12.4379,-5.69486
5.65132,-11.3418,12.4379,-5.69486
5.58437,-11.6891,12.4379,-5.69486
5.55468,-12.0317,12.4379,-5.69486
5.56259,-12.3664,12.4379,-5.69486
5.60789,-12.6898,12.4379,-5.69486
5.68986,-12.9987,12.4379,-5.69486
5.80727,-13.2897,12.4379,-5.69486
5.95841,-13.5595,12.4379,-5.69486
6.14112,-13.8049,12.4379,-5.69486
6.35276,-14.0229,12.4379,-5.69486
6.59023,-14.2106,12.4379,-5.69486
6.85003,-14.3652,12.4379,-5.69486
7.12832,-14.4848,12.4379,-5.69486
7.42101,-14.5674,12.4379,-5.69486
7.72386,-14.6119,12.4379,-5.69486
8.0326,-14.6176,12.4379,-5.69486
8.34304,-14.5844,12.4379,-5.69486
8.65121,-14.5126,12.4379,-5.69486
8.95343,-14.403,12.4379,-5.69486
9.24645,-14.2568,12.4379,-5.69486
9.52749,-14.0754,12.4379,-5.69486
9.79437,-13.8605,12.4379,-5.69486
10.0455,-13.6137,12.4379,-5.69486
10.2799,-13.337,12.4379,-5.69486
10.4973,-13.032,12.4379,-5.69486
10.6978,-12.7007,12.4379,-5.69486
10.882,-12.3449,12.4379,-5.69486
11.051,-11.9672,12.4379,-5.69486
11.2057,-11.57,12.4379,-5.69486
11.3471,-11.1565,12.4379,-5.69486
11.4762,-10.7296,12.4379,-5.69486
11.5937,-10.2921,12.4379,-5.69486
11.7002,-9.84639,12.4379,-5.69486
11.7962,-9.39454,12.4379,-5.69486
11.8819,-8.93808,12.4379,-5.69486
11.9576,-8.47825,12.4379,-5.69486
12.0232,-8.01602,12.4379,-5.69486
12.0788,-7.55217,12.4379,-5.69486
12.1242,-7.08736,12.4379,-5.69486
12.1592,-6.62216,12.4379,-5.69486
12.1835,-6.15709,12.4379,-5.69486
12.1969,-5.69266,12.4379,-5.69486
12.1989,-5.22936,12.4379,-5.69486
12.1892,-4.76783,12.4379,-5.69486
12.1672,-4.3087,12.4379,-5.69486
12.1323,-3.85268,12.4379,-5.69486
12.084,-3.40053,12.4379,-5.69486
12.0216,-2.95311,12.4379,-5.69486
11.9445,-2.51138,12.4379,-5.69486
11.852,-2.07644,12.4379,-5.69486
11.7433,-1.64951,12.4379,-5.69486
11.6179,-1.23203,12.4379,-5.69486
11.4751,-0.825583,12.4379,-5.69486
11.3143,-0.432009,12.4379,-5.69486
11.1352,-0.0533575,12.4379,-5.69486
10.9376,0.308082,12.4379,-5.69486
10.7214,0.649794,12.4379,-5.69486
10.4869,0.969067,12.4379,-5.69486
10.235,1.26305,12.4379,-5.69486
9.96675,1.52887,12.4379,-5.69486
9.68377,1.76371,12.4379,-5.69486
9.38816,1.96502,12.4379,-5.69486
9.08243,2.13061,12.4379,-5.69486
8.76944,2.25874,12.4379,-5.69486
8.45228,2.34823,12.4379,-5.69486
8.13424,2.39837,12.4379,-5.69486
7.81878,2.40895,12.4379,-5.69486
7.5095,2.38021,12.4379,-5.69486
7.21016,2.31283,12.4379,-5.69486
6.92459,2.20799,12.4379,-5.69486
6.65665,2.06734,12.4379,-5.69486
6.41009,1.89304,12.4379,-5.69486
6.18846,1.68772,12.4379,-5.69486
5.99503,1.45446,12.4379,-5.69486
5.83263,1.19668,12.4379,-5.69486
5.70366,0.918082,12.4379,-5.69486
5.60996,0.622523,12.4379,-5.69486
5.55286,0.313912,12.4379,-5.69486
5.53313,-0.00392012,12.4379,-5.69486
5.55105,-0.327338,12.4379,-5.69486
5.60641,-0.653021,12.4379,-5.69486
5.69861,-0.978065,12.4379,-5.69486
5.82671,-1.30007,12.4379,-5.69486
5.9895,-1.6172,12.4379,-5.69486
6.18554,-1.92821,12.4379,-5.69486
6.41315,-2.23237,12.4379,-5.69486
6.6704,-2.52943,12.4379,-5.69486
6.95501,-2.81937,12.4379,-5.69486
7.26432,-3.1023,12.4379,-5.69486
7.59534,-3.37824,12.4379,-5.69486
7.9449,-3.64712,12.4379,-5.69486
8.30995,-3.90873,12.4379,-5.69486
8.68776,-4.16284,12.4379,-5.69486
9.07604,-4.40919,12.4379,-5.69486
9.47297,-4.64755,12.4379,-5.69486
9.87712,-4.87764,12.4379,-5.69486
10.2874,-5.09923,12.4379,-5.69486
10.703,-5.312,12.4379,-5.69486
11.1233,-5.51565,12.4379,-5.69486
11.5476,-5.70981,12.4379,-5.69486
11.9756,-5.89407,12.4379,-5.69486
12.407,-6.068,12.4379,-5.69486
12.8412,-6.23106,12.4379,-5.69486
13.2779,-6.38266,12.4379,-5.69486
13.7166,-6.52212,12.4379,-5.69486
14.1569,-6.64871,12.4379,-5.69486
14.5983,-6.76161,12.4379,-5.69486
15.0402,-6.85997,12.4379,-5.69486
15.482,-6.94283,12.4379,-5.69486
15.923,-7.00921,12.4379,-5.69486
16.3622,-7.05806,12.4379,-5.69486
16.7986,-7.08829,12.4379,-5.69486
17.231,-7.09877,12.4379,-5.69486
17.6579,-7.08839,12.4379,-5.69486
18.0777,-7.05603,12.4379,-5.69486
18.4883,-7.00069,12.4379,-5.69486
18.8875,-6.92146,12.4379,-5.69486
19.2727,-6.81765,12.4379,-5.69486
19.6411,-6.68886,12.4379,-5.69486
19.9897,-6.53505,12.4379,-5.69486
20.3152,-6.35662,12.4379,-5.69486
20.6145,-6.15451,12.4379,-5.69486
20.8847,-5.93015,12.4379,-5.69486
21.1231,-5.68548,12.4379,-5.69486
21.3272,-5.42285,12.4379,-5.69486
21.4952,-5.14503,12.4379,-5.69486
21.6256,-4.85506,12.4379,-5.69486
21.7172,-4.55631,12.4379,-5.69486
21.7693,-4.25246,12.4379,-5.69486
21.7816,-3.94741,12.4379,-5.69486
21.7541,-3.64529,12.4379,-5.69486
21.6873,-3.35035,12.4379,-5.69486
21.5824,-3.06682,12.4379,-5.69486
21.441,-2.79886,12.4379,-5.69486
21.2652,-2.55039,12.4379,-5.69486
21.0574,-2.32504,12.4379,-5.69486
20.8206,-2.12601,12.4379,-5.69486
20.5579,-1.95603,12.4379,-5.69486
20.2725,-1.81731,12.4379,-5.69486
19.9679,-1.71152,12.4379,-5.69486
19.6472,-1.63978,12.4379,-5.69486
19.3134,-1.60269,12.4379,-5.69486
18.9692,-1.60032,12.4379,-5.69486
18.6169,-1.63232,12.4379,-5.69486
18.2583,-1.69787,12.4379,-5.69486
17.8947,-1.79577,12.4379,-5.69486
17.5272,-1.92441,12.4379,-5.69486
17.1565,-2.08178,12.4379,-5.69486
16.7835,-2.26546,12.4379,-5.69486
16.4092,-2.47269,12.4379,-5.69486
16.0347,-2.70056,12.4379,-5.69486
15.6612,-2.94624,12.4379,-5.69486
15.29,-3.20714,12.4379,-5.69486
14.9221,-3.48109,12.4379,-5.69486
14.5585,-3.76636,12.4379,-5.69486
14.1999,-4.06162,12.4379,-5.69486
13.8469,-4.36586,12.4379,-5.69486
13.5003,-4.67833,12.4379,-5.69486
13.1604,-4.9985,12.4379,-5.69486
12.8278,-5.32595,12.4379,-5.69486
12.5031,-5.66039,12.4379,-5.69486
12.1868,-6.0016,12.4379,-5.69486
11.8796,-6.34935,12.4379,-5.69486
11.5821,-6.70345,12.4379,-5.69486
11.2952,-7.06374,12.4379,-5.69486
11.0198,-7.43006,12.4379,-5.69486
10.7567,-7.80224,12.4379,-5.69486
10.5069,-8.18009,12.4379,-5.69486
10.2717,-8.56334,12.4379,-5.69486
10.052,-8.95164,12.4379,-5.69486
9.84939,-9.34456,12.4379,-5.69486
9.66507,-9.74151,12.4379,-5.69486
9.50059,-10.1418,12.4379,-5.69486
9.35751,-10.5443,12.4379,-5.69486
9.23745,-10.9481,12.4379,-5.69486
9.14209,-11.3515,12.4379,-5.69486
9.07307,-11.7528,12.4379,-5.69486
9.03195,-12.1499,12.4379,-5.69486
9.02014,-12.5402,12.4379,-5.69486
9.03876,-12.921,12.4379,-5.69486
9.08857,-13.2891,12.4379,-5.69486
9.16984,-13.6413,12.4379,-5.69486
9.28232,-13.9742,12.4379,-5.69486
9.42516,-14.2847,12.4379,-5.69486
9.59702,-14.5697,12.4379,-5.69486
9.796,-14.8265,12.4379,-5.69486
10.0198,-15.0524,12.4379,-5.69486
10.2657,-15.2454,12.4379,-5.69486
10.5306,-15.4033,12.4379,-5.69486
10.8109,-15.5244,12.4379,-5.69486
11.1027,-15.6074,12.4379,-5.69486
11.4019,-15.6512,12.4379,-5.69486
11.7042,-15.6552,12.4379,-5.69486
12.0051,-15.6196,12.4379,-5.69486
12.3002,-15.5449,12.4379,-5.69486
12.5852,-15.432,12.4379,-5.69486
12.856,-15.2826,12.4379,-5.69486
13.1091,-15.0986,12.4379,-5.69486
13.3411,-14.8822,12.4379,-5.69486
13.5494,-14.636,12.4379,-5.69486
13.7317,-14.3625,12.4379,-5.69486
13.8864,-14.0643,12.4379,-5.69486
14.0124,-13.7439,12.4379,-5.69486
14.1094,-13.4036,12.4379,-5.69486
14.1773,-13.0452,12.4379,-5.69486
14.2169,-12.6705,12.4379,-5.69486
14.2293,-12.2811,12.4379,-5.69486
14.2161,-11.8783,12.4379,-5.69486
14.1793,-11.4638,12.4379,-5.69486
14.121,-11.0396,12.4379,-5.69486
14.0437,-10.6077,12.4379,-5.69486
13.9494,-10.1704,12.4379,-5.69486
13.8403,-9.72974,12.4379,-5.69486
13.7178,-9.28747,12.4379,-5.69486
13.5833,-8.84509,12.4379,-5.69486
13.4377,-8.40378,12.4379,-5.69486
13.2817,-7.96451,12.4379,-5.69486
13.1159,-7.52808,12.4379,-5.69486
12.9405,-7.0952,12.4379,-5.69486
12.7556,-6.66648,12.4379,-5.69486
12.5615,-6.24253,12.4379,-5.69486
12.358,-5.82393,12.4379,-5.69486
12.1452,-5.41128,12.4379,-5.69486
11.923,-5.00529,12.4379,-5.69486
11.6912,-4.60675,12.4379,-5.69486
11.4497,-4.21648,12.4379,-5.69486
11.1984,-3.8354,12.4379,-5.69486
10.9371,-3.46449,12.4379,-5.69486
10.6656,-3.10486,12.4379,-5.69486
10.3838,-2.7577,12.4379,-5.69486
10.0917,-2.42435,12.4379,-5.69486
9.78922,-2.10628,12.4379,-5.69486
9.47656,-1.80509,12.4379,-5.69486
9.15399,-1.52256,12.4379,-5.69486
8.82196,-1.26058,12.4379,-5.69486
8.4812,-1.02122,12.4379,-5.69486
8.1327,-0.806622,12.4379,-5.69486
7.7778,-0.61901,12.4379,-5.69486
7.41823,-0.460598,12.4379,-5.69486
7.05611,-0.333499,12.4379,-5.69486
6.69398,-0.239606,12.4379,-5.69486
6.3347,-0.180461,12.4379,-5.69486
5.98144,-0.157143,12.4379,-5.69486
5.63746,-0.170179,12.4379,-5.69486
5.3061,-0.219517,12.4379,-5.69486
4.99063,-0.304542,12.4379,-5.69486
4.69423,-0.424117,12.4379,-5.69486
4.42003,-0.576618,12.4379,-5.69486
4.17105,-0.759952,12.4379,-5.69486
3.95021,-0.971564,12.4379,-5.69486
3.76026,-1.20844,12.4379,-5.69486
3.60371,-1.46715,12.4379,-5.69486
3.48267,-1.74389,12.4379,-5.69486
3.39888,-2.03455,12.4379,-5.69486
3.35353,-2.33484,12.4379,-5.69486
3.34732,-2.64037,12.4379,-5.69486
3.38038,-2.94681,12.4379,-5.69486
3.45232,-3.24993,12.4379,-5.69486
3.56229,-3.54581,12.4379,-5.69486
3.70903,-3.83084,12.4379,-5.69486
3.89093,-4.1019,12.4379,-5.69486
4.10619,-4.35636,12.4379,-5.69486
4.35287,-4.59219,12.4379,-5.69486
4.62902,-4.80796,12.4379,-5.69486
4.93273,-5.00289,12.4379,-5.69486
5.26217,-5.17679,12.4379,-5.69486
5.61554,-5.33004,12.4379,-5.69486
5.99094,-5.46349,12.4379,-5.69486
6.38627,-5.57833,12.4379,-5.69486
6.79906,-5.67597,12.4379,-5.69486
7.22659,-5.75783,12.4379,-5.69486
7.66602,-5.82529,12.4379,-5.69486
8.11465,-5.87953,12.4379,-5.69486
8.57009,-5.92153,12.4379,-5.69486
9.03037,-5.95206,12.4379,-5.69486
9.49393,-5.97168,12.4379,-5.69486
9.95953,-5.98075,12.4379,-5.69486
10.4262,-5.9795,12.4379,-5.69486
10.893,-5.96802,12.4379,-5.69486
11.3595,-5.94628,12.4379,-5.69486
11.8248,-5.9142,12.4379,-5.69486
12.2886,-5.87158,12.4379,-5.69486
12.7502,-5.8182,12.4379,-5.69486
13.2089,-5.75376,12.4379,-5.69486
13.6643,-5.67791,12.4379,-5.69486
14.1154,-5.59024,12.4379,-5.69486
14.5615,-5.49027,12.4379,-5.69486
15.0019,-5.37753,12.4379,-5.69486
15.4354,-5.2515,12.4379,-5.69486
15.8612,-5.11164,12.4379,-5.69486
16.278,-4.95743,12.4379,-5.69486
16.6845,-4.78837,12.4379,-5.69486
17.0791,-4.60401,12.4379,-5.69486
17.4602,-4.40397,12.4379,-5.69486
17.8259,-4.18798,12.4379,-5.69486
18.1741,-3.95596,12.4379,-5.69486
18.5024,-3.708,12.4379,-5.69486
18.8084,-3.44452,12.4379,-5.69486
19.0894,-3.16623,12.4379,-5.69486
19.3428,-2.87429,12.4379,-5.69486
19.5658,-2.57027,12.4379,-5.69486
19.7559,-2.2562,12.4379,-5.69486
19.911,-1.93455,12.4379,-5.69486
20.0291,-1.60812,12.4379,-5.69486
20.1091,-1.27999,12.4379,-5.69486
20.1503,-0.953403,12.4379,-5.69486
20.1524,-0.631715,12.4379,-5.69486
20.1157,-0.318384,12.4379,-5.69486
20.0411,-0.0169523,12.4379,-5.69486
19.9297,0.268968,12.4379,-5.69486
19.7834,0.535748,12.4379,-5.69486
19.6042,0.779824,12.4379,-5.69486
19.3949,0.997799,12.4379,-5.69486
19.1587,1.18655,12.4379,-5.69486
18.8989,1.34333,12.4379,-5.69486
18.6195,1.46583,12.4379,-5.69486
18.3244,1.55225,12.4379,-5.69486
18.0177,1.60134,12.4379,-5.69486
17.7034,1.61238,12.4379,-5.69486
17.3854,1.58516,12.4379,-5.69486
17.0672,1.51996,12.4379,-5.69486
16.7522,1.41746,12.4379,-5.69486
16.4429,1.27868,12.4379,-5.69486
16.1416,1.1049,12.4379,-5.69486
15.8499,0.897579,12.4379,-5.69486
15.5687,0.65833,12.4379,-5.69486
15.2985,0.388926,12.4379,-5.69486
15.0392,0.0913557,12.4379,-5.69486
14.7906,-0.232079,12.4379,-5.69486
14.552,-0.578705,12.4379,-5.69486
14.3232,-0.945524,12.4379,-5.69486
14.1039,-1.3294,12.4379,-5.69486
13.8937,-1.7273,12.4379,-5.69486
13.6927,-2.13654,12.4379,-5.69486
13.5008,-2.55488,12.4379,-5.69486
13.3179,-2.98054,12.4379,-5.69486
13.1442,-3.41212,12.4379,-5.69486
12.9797,-3.84855,12.4379,-5.69486
12.8247,-4.28899,12.4379,-5.69486
12.6795,-4.73275,12.4379,-5.69486
12.5442,-5.17928,12.4379,-5.69486
12.4193,-5.6281,12.4379,-5.69486
12.3051,-6.07877,12.4379,-5.69486
12.2021,-6.53077,12.4379,-5.69486
12.1109,-6.9836,12.4379,-5.69486
12.0322,-7.43673,12.4379,-5.69486
11.9667,-7.88962,12.4379,-5.69486
11.915,-8.34165,12.4379,-5.69486
11.878,-8.79214,12.4379,-5.69486
11.8565,-9.24031,12.4379,-5.69486
11.8516,-9.68525,12.4379,-5.69486
11.864,-10.1259,12.4379,-5.69486
11.8948,-10.5611,12.4379,-5.69486
11.9449,-10.9894,12.4379,-5.69486
12.0152,-11.409,12.4379,-5.69486
12.1066,-11.8183,12.4379,-5.69486
12.2198,-12.2149,12.4379,-5.69486
12.3553,-12.5965,12.4379,-5.69486
12.5135,-12.9603,12.4379,-5.69486
12.6942,-13.3034,12.4379,-5.69486
12.8971,-13.6228,12.4379,-5.69486
13.1212,-13.9154,12.4379,-5.69486
13.3649,-14.1783,12.4379,-5.69486
13.6264,-14.4086,12.4379,-5.69486
13.9033,-14.6042,12.4379,-5.69486
14.1929,-14.7631,12.4379,-5.69486
14.4922,-14.8839,12.4379,-5.69486
14.7977,-14.9655,12.4379,-5.69486
15.106,-15.0075,12.4379,-5.69486
15.4133,-15.0097,12.4379,-5.69486
15.7156,-14.9723,12.4379,-5.69486
16.0088,-14.896,12.4379,-5.69486
16.2888,-14.7821,12.4379,-5.69486
16.5515,-14.6324,12.4379,-5.69486
16.7931,-14.4491,12.4379,-5.69486
17.0101,-14.2349,12.4379,-5.69486
17.1992,-13.9928,12.4379,-5.69486
17.3578,-13.7262,12.4379,-5.69486
17.4838,-13.4386,12.4379,-5.69486
17.5755,-13.1335,12.4379,-5.69486
17.6319,-12.8143,12.4379,-5.69486
17.6523,-12.4844,12.4379,-5.69486
17.6368,-12.1467,12.4379,-5.69486
17.5856,-11.8038,12.4379,-5.69486
17.4996,-11.4576,12.4379,-5.69486
17.3799,-11.1097,12.4379,-5.69486
17.2278,-10.7613,12.4379,-5.69486
17.0454,-10.4129,12.4379,-5.69486
16.8347,-10.0652,12.4379,-5.69486
16.5984,-9.71857,12.4379,-5.69486
16.3395,-9.37378,12.4379,-5.69486
16.061,-9.03159,12.4379,-5.69486
15.7657,-8.69292,12.4379,-5.69486
15.4564,-8.35861,12.4379,-5.69486
15.1352,-8.02944,12.4379,-5.69486
14.8037,-7.70608,12.4379,-5.69486
14.4633,-7.38908,12.4379,-5.69486
14.115,-7.07895,12.4379,-5.69486
13.7596,-6.77617,12.4379,-5.69486
13.3975,-6.48119,12.4379,-5.69486
13.0292,-6.1945,12.4379,-5.69486
12.6551,-5.91659,12.4379,-5.69486
12.2754,-5.64796,12.4379,-5.69486
11.8904,-5.38922,12.4379,-5.69486
11.5004,-5.14105,12.4379,-5.69486
11.1056,-4.90423,12.4379,-5.69486
10.7063,-4.67958,12.4379,-5.69486
10.3028,-4.46801,12.4379,-5.69486
9.89548,-4.27049,12.4379,-5.69486
9.48468,-4.08808,12.4379,-5.69486
9.07094,-3.92194,12.4379,-5.69486
8.65487,-3.77329,12.4379,-5.69486
8.23724,-3.64345,12.4379,-5.69486
7.819,-3.53378,12.4379,-5.69486
7.40129,-3.44574,12.4379,-5.69486
6.98555,-3.38077,12.4379,-5.69486
6.57345,-3.34034,12.4379,-5.69486
6.16702,-3.32585,12.4379,-5.69486
5.7686,-3.33855,12.4379,-5.69486
5.38087,-3.3795,12.4379,-5.69486
5.00679,-3.44942,12.4379,-5.69486
4.64955,-3.54862,12.4379,-5.69486
4.31244,-3.67693,12.4379,-5.69486
3.99869,-3.83361,12.4379,-5.69486
3.71139,-4.01738,12.4379,-5.69486
3.45333,-4.22645,12.4379,-5.69486
3.22699,-4.45859,12.4379,-5.69486
3.03453,-4.71115,12.4379,-5.69486
2.87782,-4.98108,12.4379,-5.69486
2.75845,-5.26499,12.4379,-5.69486
2.67764,-5.55913,12.4379,-5.69486
2.63625,-5.85945,12.4379,-5.69486
2.63469,-6.16169,12.4379,-5.69486
2.67286,-6.46144,12.4379,-5.69486
2.75014,-6.7543,12.4379,-5.69486
2.86538,-7.03597,12.4379,-5.69486
3.01696,-7.30234,12.4379,-5.69486
3.20278,-7.54965,12.4379,-5.69486
3.42041,-7.77453,12.4379,-5.69486
3.66714,-7.97408,12.4379,-5.69486
3.94013,-8.14593,12.4379,-5.69486
4.23649,-8.28827,12.4379,-5.69486
4.55344,-8.39986,12.4379,-5.69486
4.8884,-8.48,12.4379,-5.69486
5.23909,-8.52856,12.4379,-5.69486
5.60359,-8.54592,12.4379,-5.69486
5.9803,-8.53297,12.4379,-5.69486
6.36789,-8.49105,12.4379,-5.69486
6.76511,-8.42196,12.4379,-5.69486
7.17059,-8.32788,12.4379,-5.69486
7.58275,-8.21129,12.4379,-5.69486
7.99981,-8.07476,12.4379,-5.69486
8.41988,-7.92076,12.4379,-5.69486
8.8412,-7.75153,12.4379,-5.69486
9.26223,-7.56891,12.4379,-5.69486
9.6817,-7.37437,12.4379,-5.69486
10.0985,-7.16902,12.4379,-5.69486
10.5119,-6.95368,12.4379,-5.69486
10.9211,-6.72893,12.4379,-5.69486
11.3254,-6.49517,12.4379,-5.69486
11.7243,-6.25267,12.4379,-5.69486
12.1171,-6.00159,12.4379,-5.69486
12.5034,-5.74202,12.4379,-5.69486
12.8824,-5.474,12.4379,-5.69486
13.2535,-5.19756,12.4379,-5.69486
13.6158,-4.9127,12.4379,-5.69486
13.9685,-4.61938,12.4379,-5.69486
14.3107,-4.31757,12.4379,-5.69486
14.6414,-4.00723,12.4379,-5.69486
14.9594,-3.68836,12.4379,-5.69486
15.2635,-3.36101,12.4379,-5.69486
15.5525,-3.02532,12.4379,-5.69486
15.8247,-2.68151,12.4379,-5.69486
16.0787,-2.32995,12.4379,-5.69486
16.3128,-1.97116,12.4379,-5.69486
16.525,-1.6059,12.4379,-5.69486
16.7134,-1.23517,12.4379,-5.69486
16.8761,-0.860279,12.4379,-5.69486
17.0111,-0.482888,12.4379,-5.69486
17.1163,-0.105035,12.4379,-5.69486
17.1901,0.270853,12.4379,-5.69486
17.2309,0.641987,12.4379,-5.69486
17.2375,1.00529,12.4379,-5.69486
17.2095,1.35748,12.4379,-5.69486
17.1468,1.69524,12.4379,-5.69486
17.0499,2.0153,12.4379,-5.69486
16.9199,2.31451,12.4379,-5.69486
16.7585,2.58988,12.4379,-5.69486
16.5677,2.83854,12.4379,-5.69486
16.35,3.05781,12.4379,-5.69486
16.1084,3.24515,12.4379,-5.69486
15.8462,3.39827,12.4379,-5.69486
15.5673,3.5152,12.4379,-5.69486
15.2757,3.59438,12.4379,-5.69486
14.9758,3.63471,12.4379,-5.69486
14.6719,3.63562,12.4379,-5.69486
14.3684,3.59708,12.4379,-5.69486
14.0698,3.51957,12.4379,-5.69486
13.78,3.40408,12.4379,-5.69486
13.5028,3.25204,12.4379,-5.69486
13.2416,3.0652,12.4379,-5.69486
12.9992,2.84559,12.4379,-5.69486
12.7779,2.59536,12.4379,-5.69486
12.5794,2.3167,12.4379,-5.69486
12.4048,2.01171,12.4379,-5.69486
12.2546,1.68239,12.4379,-5.69486
12.1286,1.33056,12.4379,-5.69486
12.0262,0.957955,12.4379,-5.69486
11.9462,0.566341,12.4379,-5.69486
11.8872,0.157686,12.4379,-5.69486
11.8474,-0.265745,12.4379,-5.69486
11.8251,-0.701418,12.4379,-5.69486
11.8185,-1.1467,12.4379,-5.69486
11.826,-1.59909,12.4379,-5.69486
11.8466,-2.05641,12.4379,-5.69486
11.879,-2.51684,12.4379,-5.69486
11.9227,-2.97892,12.4379,-5.69486
11.977,-3.44152,12.4379,-5.69486
12.0417,-3.90368,12.4379,-5.69486
12.1166,-4.36463,12.4379,-5.69486
12.2016,-4.8237,12.4379,-5.69486
12.2967,-5.28028,12.4379,-5.69486
12.4021,-5.73378,12.4379,-5.69486
12.5178,-6.18362,12.4379,-5.69486
12.6442,-6.62911,12.4379,-5.69486
12.7815,-7.0695,12.4379,-5.69486
12.9299,-7.50403,12.4379,-5.69486
13.09,-7.93185,12.4379,-5.69486
13.262,-8.35205,12.4379,-5.69486
13.4464,-8.7636,12.4379,-5.69486
13.6435,-9.16538,12.4379,-5.69486
13.8537,-9.5561,12.4379,-5.69486
14.0774,-9.93436,12.4379,-5.69486
14.3146,-10.2986,12.4379,-5.69486
14.5656,-10.647,12.4379,-5.69486
14.8304,-10.9776,12.4379,-5.69486
15.1088,-11.2883,12.4379,-5.69486
15.4002,-11.5769,12.4379,-5.69486
15.7038,-11.8408,12.4379,-5.69486
16.0186,-12.0776,12.4379,-5.69486
16.343,-12.2846,12.4379,-5.69486
16.675,-12.4595,12.4379,-5.69486
17.0121,-12.6001,12.4379,-5.69486
17.3516,-12.7047,12.4379,-5.69486
17.6903,-12.7718,12.4379,-5.69486
18.0251,-12.8009,12.4379,-5.69486
18.3527,-12.7916,12.4379,-5.69486
18.6696,-12.7443,12.4379,-5.69486
18.9725,-12.6599,12.4379,-5.69486
19.258,-12.5398,12.4379,-5.69486
19.5227,-12.3856,12.4379,-5.69486
19.7632,-12.1997,12.4379,-5.69486
19.9762,-11.9848,12.4379,-5.69486
20.1589,-11.7441,12.4379,-5.69486
20.3087,-11.4812,12.4379,-5.69486
20.4232,-11.2,12.4379,-5.69486
20.501,-10.9046,12.4379,-5.69486
20.5407,-10.5991,12.4379,-5.69486
20.5419,-10.2878,12.4379,-5.69486
20.5043,-9.97464,12.4379,-5.69486
20.4285,-9.66353,12.4379,-5.69486
20.3152,-9.35788,12.4379,-5.69486
20.1655,-9.06067,12.4379,-5.69486
19.9809,-8.77436,12.4379,-5.69486
19.763,-8.50083,12.4379,-5.69486
19.5133,-8.24133,12.4379,-5.69486
19.2338,-7.99649,12.4379,-5.69486
18.9261,-7.76639,12.4379,-5.69486
18.5924,-7.55066,12.4379,-5.69486
18.2348,-7.34862,12.4379,-5.69486
17.8561,-7.15947,12.4379,-5.69486
17.4593,-6.98241,12.4379,-5.69486
17.0475,-6.81677,12.4379,-5.69486
16.6234,-6.66196,12.4379,-5.69486
16.1898,-6.51757,12.4379,-5.69486
15.7488,-6.38328,12.4379,-5.69486
15.302,-6.2589,12.4379,-5.69486
14.8507,-6.14433,12.4379,-5.69486
14.396,-6.03959,12.4379,-5.69486
13.9388,-5.94475,12.4379,-5.69486
13.4796,-5.86,12.4379,-5.69486
13.0191,-5.78554,12.4379,-5.69486
12.5577,-5.72169,12.4379,-5.69486
12.096,-5.66878,12.4379,-5.69486
11.6344,-5.62724,12.4379,-5.69486
11.1737,-5.59758,12.4379,-5.69486
10.7144,-5.58036,12.4379,-5.69486
10.2571,-5.5762,12.4379,-5.69486
9.80249,-5.58577,12.4379,-5.69486
9.35146,-5.60979,12.4379,-5.69486
8.90489,-5.64902,12.4379,-5.69486
8.46378,-5.70422,12.4379,-5.69486
8.02933,-5.7762,12.4379,-5.69486
7.60289,-5.86574,12.4379,-5.69486
7.18602,-5.97359,12.4379,-5.69486
6.7805,-6.10044,12.4379,-5.69486
6.38833,-6.24687,12.4379,-5.69486
6.0118,-6.4133,12.4379,-5.69486
5.65342,-6.59991,12.4379,-5.69486
5.31592,-6.8066,12.4379,-5.69486
5.00219,-7.0329,12.4379,-5.69486
4.71522,-7.27787,12.4379,-5.69486
4.45791,-7.54014,12.4379,-5.69486
4.233,-7.81781,12.4379,-5.69486
4.04286,-8.10857,12.4379,-5.69486
3.88944,-8.40972,12.4379,-5.69486
3.77418,-8.71826,12.4379,-5.69486
3.69806,-9.03098,12.4379,-5.69486
3.66156,-9.34446,12.4379,-5.69486
3.66475,-9.65506,12.4379,-5.69486
3.70726,-9.959,12.4379,-5.69486
3.78824,-10.2523,12.4379,-5.69486
3.90636,-10.5311,12.4379,-5.69486
4.05979,-10.7914,12.4379,-5.69486
4.24619,-11.0295,12.4379,-5.69486
4.4628,-11.2418,12.4379,-5.69486
4.70644,-11.4253,12.4379,-5.69486
4.97364,-11.5773,12.4379,-5.69486
5.26072,-11.6956,12.4379,-5.69486
5.56392,-11.7786,12.4379,-5.69486
5.87953,-11.8252,12.4379,-5.69486
6.20398,-11.8348,12.4379,-5.69486
6.53398,-11.8074,12.4379,-5.69486
6.86662,-11.7434,12.4379,-5.69486
7.1995,-11.6434,12.4379,-5.69486
7.53072,-11.5086,12.4379,-5.69486
7.85895,-11.3402,12.4379,-5.69486
8.18338,-11.1399,12.4379,-5.69486
8.50359,-10.9097,12.4379,-5.69486
8.81937,-10.6518,12.4379,-5.69486
9.13055,-10.3689,12.4379,-5.69486
9.43686,-10.0641,12.4379,-5.69486
9.73788,-9.74048,12.4379,-5.69486
10.0331,-9.40105,12.4379,-5.69486
10.3221,-9.04845,12.4379,-5.69486
10.6044,-8.68489,12.4379,-5.69486
10.8794,-8.31213,12.4379,-5.69486
11.147,-7.93149,12.4379,-5.69486
11.4066,-7.54401,12.4379,-5.69486
11.6579,-7.15047,12.4379,-5.69486
11.9006,-6.75148,12.4379,-5.69486
12.1342,-6.34751,12.4379,-5.69486
12.3583,-5.93896,12.4379,-5.69486
12.5723,-5.52617,12.4379,-5.69486
12.7758,-5.10947,12.4379,-5.69486
12.9681,-4.68925,12.4379,-5.69486
13.1484,-4.26587,12.4379,-5.69486
13.316,-3.83972,12.4379,-5.69486
13.4699,-3.41121,12.4379,-5.69486
13.6094,-2.98082,12.4379,-5.69486
13.7332,-2.54911,12.4379,-5.69486
13.8405,-2.11673,12.4379,-5.69486
13.93,-1.68449,12.4379,-5.69486
14.0005,-1.25333,12.4379,-5.69486
14.0508,-0.82439,12.4379,-5.69486
14.0797,-0.399046,12.4379,-5.69486
14.0858,0.0210865,12.4379,-5.69486
14.068,0.434102,12.4379,-5.69486
14.0252,0.837789,12.4379,-5.69486
13.9564,1.22962,12.4379,-5.69486
13.8611,1.60679,12.4379,-5.69486
13.7388,1.96623,12.4379,-5.69486
13.5899,2.30473,12.4379,-5.69486
13.4149,2.61907,12.4379,-5.69486
13.2151,2.90615,12.4379,-5.69486
12.9922,3.16313,12.4379,-5.69486
12.7483,3.38752,12.4379,-5.69486
12.4862,3.57719,12.4379,-5.69486
12.2087,3.73039,12.4379,-5.69486
11.9191,3.8457,12.4379,-5.69486
11.621,3.92206,12.4379,-5.69486
11.3184,3.95878,12.4379,-5.69486
11.0153,3.9556,12.4379,-5.69486
10.7161,3.91275,12.4379,-5.69486
10.4252,3.83096,12.4379,-5.69486
10.1467,3.71148,12.4379,-5.69486
9.8848,3.55607,12.4379,-5.69486
9.64328,3.36695,12.4379,-5.69486
9.42555,3.14672,12.4379,-5.69486
9.23459,2.89827,12.4379,-5.69486
9.07284,2.62468,12.4379,-5.69486
8.94222,2.32909,12.4379,-5.69486
8.84408,2.0146,12.4379,-5.69486
8.77924,1.68409,12.4379,-5.69486
8.74797,1.34019,12.4379,-5.69486
8.75006,0.985135,12.4379,-5.69486
8.78482,0.620738,12.4379,-5.69486
8.85113,0.248421,12.4379,-5.69486
8.94743,-0.130692,12.4379,-5.69486
9.07173,-0.5156,12.4379,-5.69486
9.22165,-0.905236,12.4379,-5.69486
9.39451,-1.29834,12.4379,-5.69486
9.58752,-1.69346,12.4379,-5.69486
9.79798,-2.08909,12.4379,-5.69486
10.0235,-2.48378,12.4379,-5.69486
10.2621,-2.87627,12.4379,-5.69486
10.5121,-3.26551,12.4379,-5.69486
10.7724,-3.65062,12.4379,-5.69486
11.0421,-4.03089,12.4379,-5.69486
11.3205,-4.40567,12.4379,-5.69486
11.6071,-4.77438,12.4379,-5.69486
11.9016,-5.13645,12.4379,-5.69486
12.2038,-5.49135,12.4379,-5.69486
12.5136,-5.8385,12.4379,-5.69486
12.8307,-6.17727,12.4379,-5.69486
