0.5,0,20.2465,19.9585
1,0,20.4828,19.8767
1.5,0,20.7022,19.7569
2,0,20.8986,19.6023
2.5,0,21.0667,19.4172
3,0,21.2018,19.2069
3.5,0,21.3001,18.977
4,0,21.3589,18.734
4.5,0,21.3766,18.4846
5,0,21.3527,18.2358
5.5,0,21.2878,17.9944
6,0,21.1838,17.767
6.5,0,21.0435,17.5601
7,0,20.8708,17.3794
7.5,0,20.6705,17.2297
8,0,20.4482,17.1154
8.5,0,20.2099,17.0396
9,0,19.9624,17.0043
9.5,0,19.7125,17.0105
10,0,19.4671,17.0582
10.5,0,19.233,17.1459
11,0,19.0167,17.2712
11.5,0,18.8241,17.4307
12,0,18.6607,17.6199
12.5,0,18.531,17.8335
13,0,18.4384,18.0658
13.5,0,18.3857,18.3102
14,0,18.3743,18.5599
14.5,0,18.4045,18.8081
15,0,18.4754,19.0478
15.5,0,18.5851,19.2725
16,0,18.7305,19.4758
16.5,0,18.9077,19.6522
17,0,19.1116,19.7968
17.5,0,19.3367,19.9055
18,0,19.5768,19.9754
18.5,0,19.8251,20.0044
19,0,20.0748,19.9919
19.5,0,20.3189,19.9382
20,0,20.5508,19.8447
20.5,0,20.7639,19.714
21,0,20.9524,19.5498
21.5,0,21.1111,19.3566
22,0,21.2355,19.1397
22.5,0,21.3222,18.9052
23,0,21.3688,18.6596
23.5,0,21.374,18.4096
24,0,21.3377,18.1623
24.5,0,21.2609,17.9244
25,0,21.1456,17.7025
25.5,0,20.9952,17.5028
26,0,20.8137,17.3308
26.5,0,20.6063,17.1913
27,0,20.3785,17.0882
27.5,0,20.1368,17.0242
28,0,19.8878,17.0012
28.5,0,19.6385,17.0198
29,0,19.3957,17.0795
29.5,0,19.1661,17.1787
30,0,18.9562,17.3145
30.5,0,18.7717,17.4833
31,0,18.6177,17.6803
31.5,0,18.4985,17.9001
32,0,18.4174,18.1367
32.5,0,18.3766,18.3834
33,0,18.3773,18.6335
33.5,0,18.4195,18.88
34,0,18.5019,19.1162
34.5,0,18.6223,19.3354
35,0,18.7774,19.5317
35.5,0,18.9628,19.6995
36,0,19.1735,19.8343
36.5,0,19.4037,19.9324
37,0,19.6469,19.991
37.5,0,19.8965,20.0085
38,0,20.1456,19.9845
38.5,0,20.3872,19.9195
39,0,20.6148,19.8154
39.5,0,20.8221,19.6751
40,0,21.0033,19.5023
40.5,0,21.1534,19.302
41,0,21.2684,19.0796
41.5,0,21.3449,18.8412
42,0,21.3811,18.5934
42.5,0,21.3757,18.343
43,0,21.329,18.0968
43.5,0,21.2423,17.8618
44,0,21.118,17.6442
44.5,0,20.9594,17.4502
45,0,20.7709,17.2849
45.5,0,20.5577,17.153
46,0,20.3256,17.0581
46.5,0,20.081,17.0027
47,0,19.8305,16.9884
47.5,0,19.5811,17.0156
48,0,19.3395,17.0835
48.5,0,19.1123,17.1903
49,0,18.9057,17.3331
49.5,0,18.7254,17.5079
50,0,18.5762,17.7101
50.5,0,18.4623,17.9341
51,0,18.3866,18.1738
51.5,0,18.3514,18.4228
52,0,18.3574,18.6743
52.5,0,18.4046,18.9214
53,0,18.4917,19.1576
53.5,0,18.6163,19.3764
54,0,18.7752,19.5719
54.5,0,18.9639,19.7389
55,0,19.1774,19.8729
55.5,-1.85037e-017,19.4101,19.9703
56,-5.55112e-017,19.6556,20.0284
56.5,-1.11022e-016,19.9074,20.0458
57,-1.85037e-016,20.1588,20.0219
57.5,-2.86808e-016,20.4031,19.9574
58,-4.44089e-016,20.6337,19.854
58.5,-6.66134e-016,20.8446,19.7144
59,-9.80697e-016,21.0301,19.5424
59.5,-1.40628e-015,21.1854,19.3425
60,-1.9799e-015,21.3064,19.12
60.5,-2.75705e-015,21.3898,18.8808
61,-3.77476e-015,21.4336,18.631
61.5,-5.09777e-015,21.4364,18.3774
62,-6.80937e-015,21.3983,18.1265
62.5,-8.98355e-015,21.3203,17.8848
63,-1.17129e-014,21.2045,17.6587
63.5,-1.51083e-014,21.0537,17.454
64,-1.92716e-014,20.8719,17.276
64.5,-2.43324e-014,20.6639,17.1294
65,-3.04386e-014,20.435,17.0178
65.5,-3.77476e-014,20.1911,16.9441
66,-4.64166e-014,19.9384,16.9102
66.5,-5.66214e-014,19.6833,16.917
67,-6.8547e-014,19.4324,16.9642
67.5,-8.23785e-014,19.1921,17.0507
68,-9.8301e-014,18.9684,17.1743
68.5,-1.16509e-013,18.7668,17.3317
69,-1.37214e-013,18.5926,17.5191
69.5,-1.60631e-013,18.45,17.7318
70,-1.86971e-013,18.3425,17.9643
70.5,-2.16429e-013,18.2728,18.211
71,-2.49236e-013,18.2426,18.4658
71.5,-2.85586e-013,18.2526,18.7222
72,-3.25702e-013,18.3026,18.9741
72.5,-3.69797e-013,18.3912,19.2153
73,-4.18073e-013,18.5163,19.4399
73.5,-4.70725e-013,18.6749,19.6424
74,-5.27939e-013,18.8629,19.8181
74.5,-5.89926e-013,19.076,19.9627
75,-6.56873e-013,19.3089,20.0728
75.5,-7.28963e-013,19.5561,20.1459
76,-8.06383e-013,19.8117,20.1801
76.5,-8.89289e-013,20.0697,20.1748
77,-9.77857e-013,20.3239,20.1302
77.5,-1.07225e-012,20.5685,20.0474
78,-1.17263e-012,20.7977,19.9282
78.5,-1.27912e-012,21.0063,19.7757
79,-1.39189e-012,21.1896,19.5933
79.5,-1.51106e-012,21.3433,19.3853
80,-1.63677e-012,21.464,19.1564
80.5,-1.76917e-012,21.549,18.912
81,-1.90834e-012,21.5965,18.6575
81.5,-2.05443e-012,21.6055,18.3987
82,-2.20755e-012,21.5759,18.1414
82.5,-2.36781e-012,21.5085,17.8913
83,-2.53531e-012,21.4047,17.6538
83.5,-2.71014e-012,21.2671,17.4342
84,-2.8924e-012,21.0986,17.2372
84.5,-3.08218e-012,20.9031,17.0671
85,-3.27957e-012,20.6848,16.9273
85.5,-3.48466e-012,20.4484,16.8208
86,-3.69751e-012,20.199,16.7498
86.5,-3.91821e-012,19.942,16.7157
87,-4.14682e-012,19.6828,16.719
87.5,-4.38341e-012,19.4268,16.7596
88,-4.62805e-012,19.1792,16.8364
88.5,-4.88079e-012,18.9453,16.9478
89,-5.14169e-012,18.7296,17.0914
89.5,-5.4108e-012,18.5365,17.2641
90,-5.68817e-012,18.3698,17.4624
90.5,-5.97387e-012,18.2328,17.682
91,-6.26792e-012,18.128,17.9187
91.5,-6.57039e-012,18.0574,18.1676
92,-6.88131e-012,18.0222,18.4238
92.5,-7.20071e-012,18.0229,18.6823
93,-7.52864e-012,18.0593,18.9381
93.5,-7.86514e-012,18.1306,19.1864
94,-8.21025e-012,18.2352,19.4223
94.5,-8.56398e-012,18.3711,19.6416
95,-8.92639e-012,18.5354,19.8403
95.5,-9.29749e-012,18.725,20.0147
96,-9.67731e-012,18.9363,20.1618
96.5,-1.00659e-011,19.1652,20.2791
97,-1.04633e-011,19.4077,20.3646
97.5,-1.08695e-011,19.6591,20.417
98,-1.12845e-011,19.9151,20.4356
98.5,-1.17084e-011,20.1711,20.4202
99,-1.21411e-011,20.4226,20.3713
99.5,-1.25828e-011,20.6652,20.2899
100,-1.30334e-011,20.895,20.1778
100.5,-1.34929e-011,21.1081,20.0369
101,-1.39614e-011,21.301,19.8699
101.5,-1.44388e-011,21.4707,19.6796
102,-1.49252e-011,21.6145,19.4695
102.5,-1.54206e-011,21.7303,19.2431
103,-1.59251e-011,21.8164,19.0041
103.5,-1.64386e-011,21.8717,18.7565
104,-1.69611e-011,21.8955,18.5042
104.5,-1.74927e-011,21.8876,18.2512
105,-1.80334e-011,21.8485,18.0015
105.5,-1.85831e-011,21.7791,17.7588
106,-1.9142e-011,21.6805,17.5268
106.5,-1.971e-011,21.5546,17.3089
107,-2.0287e-011,21.4034,17.1081
107.5,-2.08732e-011,21.2294,16.9273
108,-2.14686e-011,21.0352,16.7688
108.5,-2.20731e-011,20.8239,16.6349
109,-2.26867e-011,20.5985,16.527
109.5,-2.33095e-011,20.3624,16.4466
110,-2.39415e-011,20.1189,16.3944
110.5,-2.45827e-011,19.8714,16.371
111,-2.52331e-011,19.6232,16.3762
111.5,-2.58926e-011,19.3777,16.4099
112,-2.65614e-011,19.1381,16.4713
112.5,-2.72393e-011,18.9074,16.5592
113,-2.79265e-011,18.6884,16.6724
113.5,-2.86228e-011,18.4839,16.809
114,-2.93284e-011,18.2961,16.9673
114.5,-3.00433e-011,18.1272,17.1449
115,-3.07673e-011,17.9791,17.3396
115.5,-3.15006e-011,17.8532,17.5488
116,-3.22432e-011,17.7508,17.77
116.5,-3.2995e-011,17.6729,18.0004
117,-3.3756e-011,17.62,18.2373
117.5,-3.45264e-011,17.5925,18.478
118,-3.5306e-011,17.5903,18.7198
118.5,-3.60948e-011,17.6132,18.96
119,-3.6893e-011,17.6606,19.1961
119.5,-3.77004e-011,17.7318,19.4256
120,-3.85171e-011,17.8257,19.6462
120.5,-3.9343e-011,17.941,19.8559
121,-4.01783e-011,18.0764,20.0526
121.5,-4.10228e-011,18.2303,20.2345
122,-4.18766e-011,18.4009,20.4001
122.5,-4.27397e-011,18.5864,20.5481
123,-4.36121e-011,18.7849,20.6772
123.5,-4.44938e-011,18.9943,20.7865
124,-4.53848e-011,19.2127,20.8753
124.5,-4.62851e-011,19.4379,20.9431
125,-4.71948e-011,19.668,20.9895
125.5,-4.81137e-011,19.9009,21.0145
126,-4.90419e-011,20.1346,21.0182
126.5,-4.99795e-011,20.3671,21.0007
127,-5.09263e-011,20.5967,20.9626
127.5,-5.18825e-011,20.8215,20.9045
128,-5.2848e-011,21.0398,20.827
128.5,-5.38228e-011,21.2501,20.731
129,-5.4807e-011,21.451,20.6176
129.5,-5.58004e-011,21.6411,20.4877
130,-5.68032e-011,21.8191,20.3427
130.5,-5.78153e-011,21.9841,20.1836
131,-5.88366e-011,22.1351,20.0118
131.5,-5.98674e-011,22.2713,19.8287
132,-6.09074e-011,22.392,19.6356
132.5,-6.19568e-011,22.4966,19.4338
133,-6.30156e-011,22.5849,19.225
133.5,-6.40837e-011,22.6563,19.0103
134,-6.51611e-011,22.7109,18.7912
134.5,-6.62479e-011,22.7485,18.569
135,-6.7344e-011,22.7692,18.3451
135.5,-6.84495e-011,22.7732,18.1207
136,-6.95643e-011,22.7606,17.8972
136.5,-7.06884e-011,22.7318,17.6756
137,-7.18219e-011,22.6873,17.4571
137.5,-7.29648e-011,22.6275,17.2427
138,-7.4117e-011,22.5529,17.0335
138.5,-7.52785e-011,22.4642,16.8304
139,-7.64494e-011,22.362,16.6342
139.5,-7.76296e-011,22.247,16.4458
140,-7.88192e-011,22.12,16.2658
140.5,-8.00181e-011,21.9816,16.0949
141,-8.12263e-011,21.8328,15.9337
141.5,-8.2444e-011,21.6742,15.7827
142,-8.3671e-011,21.5068,15.6422
142.5,-8.49073e-011,21.3312,15.5127
143,-8.61531e-011,21.1484,15.3945
143.5,-8.74082e-011,20.9591,15.2878
144,-8.86726e-011,20.7641,15.1928
144.5,-8.99464e-011,20.5643,15.1096
145,-9.12296e-011,20.3603,15.0383
145.5,-9.25221e-011,20.153,14.9789
146,-9.38241e-011,19.9431,14.9313
146.5,-9.51353e-011,19.7313,14.8956
147,-9.64559e-011,19.5182,14.8715
147.5,-9.77859e-011,19.3045,14.859
148,-9.91253e-011,19.0908,14.8578
148.5,-1.00474e-010,18.8778,14.8677
149,-1.01832e-010,18.6659,14.8885
149.5,-1.032e-010,18.4558,14.92
150,-1.04576e-010,18.2478,14.9618
150.5,-1.05963e-010,18.0425,15.0135
151,-1.07358e-010,17.8402,15.075
151.5,-1.08763e-010,17.6415,15.1459
152,-1.10177e-010,17.4466,15.2257
152.5,-1.11601e-010,17.2558,15.3142
153,-1.13034e-010,17.0695,15.411
153.5,-1.14476e-010,16.888,15.5157
154,-1.15928e-010,16.7115,15.628
154.5,-1.17389e-010,16.5401,15.7475
155,-1.18859e-010,16.3742,15.8737
155.5,-1.20339e-010,16.2138,16.0065
156,-1.21828e-010,16.0591,16.1453
156.5,-1.23327e-010,15.9102,16.2898
157,-1.24835e-010,15.7672,16.4397
157.5,-1.26352e-010,15.6302,16.5947
158,-1.27879e-010,15.4992,16.7544
158.5,-1.29415e-010,15.3743,16.9184
159,-1.3096e-010,15.2554,17.0865
159.5,-1.32515e-010,15.1426,17.2584
160,-1.34079e-010,15.0359,17.4337
160.5,-1.35652e-010,14.9352,17.6122
161,-1.37235e-010,14.8405,17.7936
161.5,-1.38827e-010,14.7517,17.9776
162,-1.40429e-010,14.6688,18.1641
162.5,-1.4204e-010,14.5916,18.3526
163,-1.4366e-010,14.5202,18.5431
163.5,-1.45289e-010,14.4544,18.7353
164,-1.46928e-010,14.3941,18.929
164.5,-1.48577e-010,14.3392,19.1241
165,-1.50235e-010,14.2896,19.3202
165.5,-1.51902e-010,14.2451,19.5173
166,-1.53578e-010,14.2057,19.7152
166.5,-1.55264e-010,14.1713,19.9137
167,-1.5696e-010,14.1416,20.1127
167.5,-1.58664e-010,14.1166,20.3121
168,-1.60378e-010,14.0962,20.5118
168.5,-1.62102e-010,14.0801,20.7116
169,-1.63834e-010,14.0684,20.9114
169.5,-1.65576e-010,14.0607,21.1112
170,-1.67328e-010,14.057,21.3108
170.5,-1.69089e-010,14.0572,21.5102
171,-1.70859e-010,14.0611,21.7094
171.5,-1.72639e-010,14.0686,21.9082
172,-1.74428e-010,14.0795,22.1066
172.5,-1.76226e-010,14.0937,22.3046
173,-1.78034e-010,14.1111,22.502
173.5,-1.79851e-010,14.1316,22.699
174,-1.81677e-010,14.1549,22.8954
174.5,-1.83513e-010,14.1811,23.0912
175,-1.85358e-010,14.2098,23.2864
175.5,-1.87213e-010,14.2411,23.481
176,-1.89077e-010,14.2748,23.675
176.5,-1.9095e-010,14.3108,23.8683
177,-1.92833e-010,14.3489,24.0611
177.5,-1.94725e-010,14.3891,24.2532
178,-1.96626e-010,14.4311,24.4446
178.5,-1.98537e-010,14.475,24.6355
179,-2.00457e-010,14.5205,24.8257
179.5,-2.02387e-010,14.5676,25.0154
180,-2.04326e-010,14.6162,25.2045
180.5,-2.06274e-010,14.6661,25.393
181,-2.08232e-010,14.7173,25.581
181.5,-2.10199e-010,14.7696,25.7685
182,-2.12175e-010,14.8229,25.9554
182.5,-2.14161e-010,14.8772,26.142
183,-2.16156e-010,14.9323,26.328
183.5,-2.18161e-010,14.9881,26.5137
184,-2.20175e-010,15.0445,26.699
184.5,-2.22198e-010,15.1016,26.8839
185,-2.24231e-010,15.159,27.0685
185.5,-2.26273e-010,15.2168,27.2528
186,-2.28324e-010,15.2749,27.4368
186.5,-2.30385e-010,15.3331,27.6206
187,-2.32455e-010,15.3914,27.8041
187.5,-2.34535e-010,15.4497,27.9875
188,-2.36624e-010,15.508,28.1708
188.5,-2.38722e-010,15.566,28.3539
189,-2.4083e-010,15.6238,28.5369
189.5,-2.42947e-010,15.6812,28.7199
190,-2.45073e-010,15.7381,28.9028
190.5,-2.47209e-010,15.7946,29.0858
191,-2.49354e-010,15.8504,29.2687
191.5,-2.51508e-010,15.9056,29.4517
192,-2.53672e-010,15.96,29.6347
192.5,-2.55845e-010,16.0136,29.8178
193,-2.58028e-010,16.0662,30.0011
193.5,-2.6022e-010,16.1179,30.1844
194,-2.62421e-010,16.1684,30.3679
194.5,-2.64632e-010,16.2178,30.5516
195,-2.66852e-010,16.266,30.7354
195.5,-2.69082e-010,16.3128,30.9194
196,-2.71321e-010,16.3583,31.1036
196.5,-2.73569e-010,16.4022,31.288
197,-2.75826e-010,16.4447,31.4726
197.5,-2.78093e-010,16.4855,31.6574
198,-2.8037e-010,16.5246,31.8425
198.5,-2.82655e-010,16.562,32.0277
199,-2.8495e-010,16.5975,32.2132
199.5,-2.87255e-010,16.6311,32.3989
200,-2.89569e-010,16.6627,32.5848
200.5,-2.91892e-010,16.6923,32.7709
201,-2.94224e-010,16.7197,32.9571
201.5,-2.96566e-010,16.7449,33.1436
202,-2.98918e-010,16.7678,33.3302
202.5,-3.01278e-010,16.7884,33.5169
203,-3.03648e-010,16.8066,33.7037
203.5,-3.06028e-010,16.8223,33.8907
204,-3.08417e-010,16.8354,34.0777
204.5,-3.10815e-010,16.846,34.2647
205,-3.13222e-010,16.8538,34.4517
205.5,-3.15639e-010,16.8589,34.6387
206,-3.18066e-010,16.8612,34.8256
206.5,-3.20501e-010,16.8607,35.0124
207,-3.22946e-010,16.8572,35.199
207.5,-3.25401e-010,16.8507,35.3855
208,-3.27865e-010,16.8411,35.5716
208.5,-3.30338e-010,16.8284,35.7575
209,-3.3282e-010,16.8126,35.9429
209.5,-3.35312e-010,16.7936,36.128
210,-3.37813e-010,16.7713,36.3125
210.5,-3.40324e-010,16.7457,36.4965
211,-3.42844e-010,16.7167,36.6799
211.5,-3.45373e-010,16.6843,36.8625
212,-3.47912e-010,16.6485,37.0444
212.5,-3.5046e-010,16.6091,37.2255
213,-3.53018e-010,16.5663,37.4056
213.5,-3.55585e-010,16.5198,37.5847
214,-3.58161e-010,16.4698,37.7626
214.5,-3.60747e-010,16.4161,37.9394
215,-3.63342e-010,16.3588,38.115
215.5,-3.65946e-010,16.2978,38.2891
216,-3.6856e-010,16.2331,38.4618
216.5,-3.71183e-010,16.1647,38.6329
217,-3.73815e-010,16.0925,38.8023
217.5,-3.76457e-010,16.0166,38.97
218,-3.79108e-010,15.937,39.1357
218.5,-3.81769e-010,15.8535,39.2995
219,-3.84439e-010,15.7664,39.4612
219.5,-3.87118e-010,15.6755,39.6207
220,-3.89807e-010,15.5808,39.7778
220.5,-3.92505e-010,15.4825,39.9325
221,-3.95212e-010,15.3804,40.0846
221.5,-3.97929e-010,15.2746,40.2341
222,-4.00655e-010,15.1652,40.3807
222.5,-4.03391e-010,15.0522,40.5244
223,-4.06136e-010,14.9355,40.6651
223.5,-4.0889e-010,14.8154,40.8026
224,-4.11654e-010,14.6917,40.9368
224.5,-4.14427e-010,14.5646,41.0676
225,-4.17209e-010,14.4342,41.1949
225.5,-4.20001e-010,14.3004,41.3185
226,-4.22802e-010,14.1633,41.4383
226.5,-4.25613e-010,14.0231,41.5542
227,-4.28433e-010,13.8798,41.666
227.5,-4.31262e-010,13.7335,41.7737
228,-4.34101e-010,13.5843,41.8772
228.5,-4.36949e-010,13.4322,41.9762
229,-4.39806e-010,13.2775,42.0707
229.5,-4.42673e-010,13.1201,42.1606
230,-4.45549e-010,12.9602,42.2457
230.5,-4.48435e-010,12.798,42.326
231,-4.5133e-010,12.6336,42.4013
231.5,-4.54234e-010,12.467,42.4716
232,-4.57148e-010,12.2985,42.5366
232.5,-4.60071e-010,12.1282,42.5964
233,-4.63003e-010,11.9561,42.6509
233.5,-4.65945e-010,11.7826,42.6999
234,-4.68896e-010,11.6077,42.7433
234.5,-4.71856e-010,11.4317,42.7811
235,-4.74826e-010,11.2546,42.8132
235.5,-4.77805e-010,11.0766,42.8395
236,-4.80794e-010,10.8981,42.86
236.5,-4.83792e-010,10.719,42.8746
237,-4.86799e-010,10.5397,42.8833
237.5,-4.89816e-010,10.3603,42.8859
238,-4.92842e-010,10.1811,42.8825
238.5,-4.95878e-010,10.0021,42.873
239,-4.98923e-010,9.82372,42.8574
239.5,-5.01977e-010,9.64607,42.8358
240,-5.0504e-010,9.46939,42.8079
240.5,-5.08113e-010,9.29389,42.774
241,-5.11196e-010,9.1198,42.7339
241.5,-5.14287e-010,8.94735,42.6877
242,-5.17389e-010,8.77676,42.6355
242.5,-5.20499e-010,8.60825,42.5772
243,-5.23619e-010,8.44206,42.5128
243.5,-5.26748e-010,8.27842,42.4426
244,-5.29887e-010,8.11756,42.3664
244.5,-5.33035e-010,7.9597,42.2844
245,-5.36192e-010,7.80509,42.1966
245.5,-5.39359e-010,7.65395,42.1033
246,-5.42535e-010,7.50651,42.0043
246.5,-5.4572e-010,7.363,41.8999
247,-5.48915e-010,7.22365,41.7902
247.5,-5.52119e-010,7.08867,41.6754
248,-5.55333e-010,6.95828,41.5555
248.5,-5.58556e-010,6.83271,41.4307
249,-5.61788e-010,6.71216,41.3012
249.5,-5.65029e-010,6.59684,41.1671
250,-5.68281e-010,6.48696,41.0287
250.5,-5.71541e-010,6.3827,40.8861
251,-5.74811e-010,6.28427,40.7396
251.5,-5.7809e-010,6.19183,40.5894
252,-5.81378e-010,6.10557,40.4356
252.5,-5.84676e-010,6.02566,40.2785
253,-5.87984e-010,5.95226,40.1184
253.5,-5.913e-010,5.8855,39.9556
254,-5.94626e-010,5.82554,39.7902
254.5,-5.97962e-010,5.77251,39.6226
255,-6.01306e-010,5.72653,39.453
255.5,-6.0466e-010,5.68769,39.2817
256,-6.08024e-010,5.65611,39.109
256.5,-6.11397e-010,5.63187,38.9353
257,-6.14779e-010,5.61503,38.7608
257.5,-6.18171e-010,5.60566,38.5858
258,-6.21572e-010,5.60381,38.4106
258.5,-6.24982e-010,5.6095,38.2357
259,-6.28402e-010,5.62275,38.0612
259.5,-6.31831e-010,5.64358,37.8876
260,-6.35269e-010,5.67196,37.7151
260.5,-6.38717e-010,5.70786,37.5442
261,-6.42174e-010,5.75126,37.3751
261.5,-6.45641e-010,5.80208,37.2081
262,-6.49117e-010,5.86026,37.0437
262.5,-6.52602e-010,5.9257,36.8821
263,-6.56097e-010,5.9983,36.7237
263.5,-6.59601e-010,6.07793,36.5689
264,-6.63115e-010,6.16446,36.4178
264.5,-6.66637e-010,6.25773,36.271
265,-6.7017e-010,6.35757,36.1286
265.5,-6.73711e-010,6.46379,35.991
266,-6.77262e-010,6.57619,35.8585
266.5,-6.80823e-010,6.69454,35.7315
267,-6.84392e-010,6.81861,35.6101
267.5,-6.87971e-010,6.94815,35.4947
268,-6.9156e-010,7.0829,35.3856
268.5,-6.95158e-010,7.22256,35.283
269,-6.98765e-010,7.36685,35.1871
269.5,-7.02381e-010,7.51546,35.0982
270,-7.06007e-010,7.66807,35.0165
270.5,-7.09642e-010,7.82433,34.9423
271,-7.13287e-010,7.9839,34.8756
271.5,-7.16941e-010,8.14642,34.8168
272,-7.20605e-010,8.31153,34.7659
272.5,-7.24277e-010,8.47884,34.7231
273,-7.2796e-010,8.64796,34.6885
273.5,-7.31651e-010,8.8185,34.6622
274,-7.35352e-010,8.99005,34.6443
274.5,-7.39062e-010,9.16219,34.6349
275,-7.42782e-010,9.33453,34.6339
275.5,-7.46511e-010,9.50662,34.6416
276,-7.50249e-010,9.67805,34.6577
276.5,-7.53997e-010,9.84839,34.6824
277,-7.57754e-010,10.0172,34.7156
277.5,-7.61521e-010,10.1841,34.7572
278,-7.65297e-010,10.3486,34.8071
278.5,-7.69082e-010,10.5103,34.8652
279,-7.72876e-010,10.6688,34.9315
279.5,-7.7668e-010,10.8236,35.0057
280,-7.80494e-010,10.9744,35.0876
280.5,-7.84317e-010,11.1208,35.1772
281,-7.88149e-010,11.2623,35.2741
281.5,-7.9199e-010,11.3985,35.3781
282,-7.95841e-010,11.5292,35.489
282.5,-7.99701e-010,11.6539,35.6065
283,-8.03571e-010,11.7723,35.7302
283.5,-8.0745e-010,11.884,35.8599
284,-8.11338e-010,11.9887,35.9952
284.5,-8.15236e-010,12.0862,36.1358
285,-8.19143e-010,12.1761,36.2812
285.5,-8.23059e-010,12.2582,36.4311
286,-8.26985e-010,12.3322,36.5851
286.5,-8.3092e-010,12.3979,36.7427
287,-8.34865e-010,12.4551,36.9036
287.5,-8.38819e-010,12.5036,37.0672
288,-8.42782e-010,12.5433,37.2331
288.5,-8.46755e-010,12.574,37.4009
289,-8.50737e-010,12.5957,37.5699
289.5,-8.54728e-010,12.6081,37.7399
290,-8.58729e-010,12.6114,37.9102
290.5,-8.62739e-010,12.6055,38.0804
291,-8.66759e-010,12.5903,38.2499
291.5,-8.70788e-010,12.5659,38.4183
292,-8.74826e-010,12.5323,38.585
292.5,-8.78874e-010,12.4897,38.7496
293,-8.82931e-010,12.4381,38.9115
293.5,-8.86997e-010,12.3777,39.0703
294,-8.91073e-010,12.3086,39.2254
294.5,-8.95158e-010,12.2311,39.3764
295,-8.99253e-010,12.1453,39.5229
295.5,-9.03357e-010,12.0516,39.6643
296,-9.0747e-010,11.9501,39.8001
296.5,-9.11593e-010,11.8413,39.9301
297,-9.15725e-010,11.7254,40.0536
297.5,-9.19866e-010,11.6028,40.1705
298,-9.24017e-010,11.4738,40.2801
298.5,-9.28177e-010,11.3389,40.3823
299,-9.32346e-010,11.1985,40.4767
299.5,-9.36525e-010,11.053,40.5628
300,-9.40714e-010,10.9029,40.6406
300.5,-9.44911e-010,10.7487,40.7096
301,-9.49118e-010,10.5908,40.7696
301.5,-9.53335e-010,10.4298,40.8205
302,-9.5756e-010,10.2662,40.862
302.5,-9.61795e-010,10.1006,40.8941
303,-9.6604e-010,9.93347,40.9165
303.5,-9.70294e-010,9.76539,40.9291
304,-9.74557e-010,9.59691,40.932
304.5,-9.7883e-010,9.42863,40.9251
305,-9.83112e-010,9.26109,40.9084
305.5,-9.87403e-010,9.09489,40.882
306,-9.91704e-010,8.93059,40.8459
306.5,-9.96014e-010,8.76876,40.8002
307,-1.00033e-009,8.60996,40.745
307.5,-1.00466e-009,8.45475,40.6807
308,-1.009e-009,8.30368,40.6073
308.5,-1.01335e-009,8.15729,40.5251
309,-1.0177e-009,8.01609,40.4344
309.5,-1.02207e-009,7.8806,40.3355
310,-1.02645e-009,7.7513,40.2287
310.5,-1.03083e-009,7.62867,40.1144
311,-1.03523e-009,7.51316,39.9931
311.5,-1.03963e-009,7.40519,39.865
312,-1.04404e-009,7.30517,39.7308
312.5,-1.04847e-009,7.21347,39.5908
313,-1.0529e-009,7.13044,39.4456
313.5,-1.05734e-009,7.0564,39.2957
314,-1.06179e-009,6.99162,39.1416
314.5,-1.06625e-009,6.93637,38.9839
315,-1.07072e-009,6.89087,38.8232
315.5,-1.0752e-009,6.85529,38.6601
316,-1.07969e-009,6.82978,38.4951
316.5,-1.08418e-009,6.81446,38.329
317,-1.08869e-009,6.8094,38.1623
317.5,-1.09321e-009,6.81462,37.9957
318,-1.09773e-009,6.83013,37.8298
318.5,-1.10227e-009,6.85588,37.6653
319,-1.10681e-009,6.89177,37.5027
319.5,-1.11137e-009,6.9377,37.3427
320,-1.11593e-009,6.99349,37.1859
320.5,-1.1205e-009,7.05893,37.033
321,-1.12508e-009,7.13379,36.8846
321.5,-1.12967e-009,7.21778,36.7412
322,-1.13428e-009,7.31059,36.6034
322.5,-1.13889e-009,7.41185,36.4718
323,-1.1435e-009,7.52117,36.3468
323.5,-1.14813e-009,7.63814,36.2291
324,-1.15277e-009,7.76228,36.1191
324.5,-1.15742e-009,7.89311,36.0171
325,-1.16208e-009,8.03011,35.9238
325.5,-1.16674e-009,8.17273,35.8394
326,-1.17142e-009,8.3204,35.7643
326.5,-1.1761e-009,8.47252,35.6988
327,-1.1808e-009,8.62846,35.6433
327.5,-1.1855e-009,8.7876,35.5978
328,-1.19021e-009,8.94928,35.5627
328.5,-1.19494e-009,9.11283,35.5381
329,-1.19967e-009,9.27757,35.5242
329.5,-1.20441e-009,9.44281,35.5209
330,-1.20916e-009,9.60787,35.5283
330.5,-1.21392e-009,9.77205,35.5464
331,-1.21869e-009,9.93464,35.5752
331.5,-1.22347e-009,10.095,35.6144
332,-1.22826e-009,10.2523,35.6641
332.5,-1.23305e-009,10.4061,35.7239
333,-1.23786e-009,10.5555,35.7936
333.5,-1.24268e-009,10.7001,35.8729
334,-1.2475e-009,10.839,35.9615
334.5,-1.25234e-009,10.9718,36.0591
335,-1.25718e-009,11.0978,36.1652
335.5,-1.26203e-009,11.2165,36.2793
336,-1.2669e-009,11.3273,36.401
336.5,-1.27177e-009,11.4298,36.5297
337,-1.27665e-009,11.5235,36.6649
337.5,-1.28154e-009,11.608,36.806
338,-1.28644e-009,11.6829,36.9524
338.5,-1.29135e-009,11.7478,37.1034
339,-1.29627e-009,11.8025,37.2583
339.5,-1.3012e-009,11.8467,37.4165
340,-1.30614e-009,11.8801,37.5773
340.5,-1.31109e-009,11.9027,37.7399
341,-1.31604e-009,11.9143,37.9036
341.5,-1.32101e-009,11.9149,38.0677
342,-1.32599e-009,11.9044,38.2314
342.5,-1.33097e-009,11.8828,38.3939
343,-1.33596e-009,11.8504,38.5546
343.5,-1.34097e-009,11.8071,38.7126
344,-1.34598e-009,11.7532,38.8673
344.5,-1.351e-009,11.6889,39.018
345,-1.35604e-009,11.6146,39.1638
345.5,-1.36108e-009,11.5305,39.3042
346,-1.36613e-009,11.437,39.4386
346.5,-1.37119e-009,11.3347,39.5661
347,-1.37626e-009,11.2238,39.6863
347.5,-1.38133e-009,11.105,39.7986
348,-1.38642e-009,10.9788,39.9025
348.5,-1.39152e-009,10.8458,39.9973
349,-1.39663e-009,10.7066,40.0828
349.5,-1.40174e-009,10.562,40.1584
350,-1.40687e-009,10.4124,40.2239
350.5,-1.412e-009,10.2588,40.2788
351,-1.41715e-009,10.1017,40.3229
351.5,-1.4223e-009,9.94206,40.356
352,-1.42746e-009,9.78052,40.3779
352.5,-1.43264e-009,9.6179,40.3885
353,-1.43782e-009,9.45499,40.3878
353.5,-1.44301e-009,9.29258,40.3756
354,-1.44821e-009,9.13146,40.3522
354.5,-1.45342e-009,8.97244,40.3176
355,-1.45864e-009,8.81628,40.2718
355.5,-1.46387e-009,8.66377,40.2153
356,-1.4691e-009,8.51565,40.1482
356.5,-1.47435e-009,8.37268,40.0708
357,-1.47961e-009,8.23556,39.9836
357.5,-1.48487e-009,8.10499,39.887
358,-1.49015e-009,7.98162,39.7814
358.5,-1.49543e-009,7.86608,39.6673
359,-1.50073e-009,7.75895,39.5454
359.5,-1.50603e-009,7.66078,39.4163
360,-1.51135e-009,7.57207,39.2805
360.5,-1.51667e-009,7.49329,39.1387
361,-1.522e-009,7.42485,38.9918
361.5,-1.52734e-009,7.36709,38.8404
362,-1.53269e-009,7.32032,38.6853
362.5,-1.53805e-009,7.28479,38.5273
363,-1.54342e-009,7.2607,38.3672
363.5,-1.5488e-009,7.24817,38.2059
364,-1.55419e-009,7.24728,38.0441
364.5,-1.55958e-009,7.25804,37.8827
365,-1.56499e-009,7.2804,37.7226
365.5,-1.57041e-009,7.31426,37.5645
366,-1.57583e-009,7.35945,37.4094
366.5,-1.58127e-009,7.41574,37.258
367,-1.58671e-009,7.48284,37.1111
367.5,-1.59216e-009,7.5604,36.9695
368,-1.59763e-009,7.64803,36.8339
368.5,-1.6031e-009,7.74526,36.7052
369,-1.60858e-009,7.85159,36.5839
369.5,-1.61407e-009,7.96646,36.4707
370,-1.61957e-009,8.08925,36.3662
370.5,-1.62508e-009,8.21932,36.2711
371,-1.6306e-009,8.35598,36.1857
371.5,-1.63613e-009,8.49849,36.1106
372,-1.64167e-009,8.64609,36.0462
372.5,-1.64721e-009,8.79798,35.9929
373,-1.65277e-009,8.95334,35.9509
373.5,-1.65834e-009,9.11133,35.9205
374,-1.66391e-009,9.2711,35.9018
374.5,-1.6695e-009,9.43177,35.895
375,-1.67509e-009,9.59246,35.9
375.5,-1.68069e-009,9.75229,35.917
376,-1.68631e-009,9.91037,35.9458
376.5,-1.69193e-009,10.0658,35.9862
377,-1.69756e-009,10.2178,36.038
377.5,-1.7032e-009,10.3655,36.1011
378,-1.70885e-009,10.5081,36.1749
378.5,-1.71451e-009,10.6447,36.2591
379,-1.72018e-009,10.7746,36.3533
379.5,-1.72586e-009,10.897,36.4568
380,-1.73155e-009,11.0114,36.5693
380.5,-1.73724e-009,11.1169,36.6899
381,-1.74295e-009,11.2131,36.8181
381.5,-1.74867e-009,11.2994,36.9532
382,-1.75439e-009,11.3752,37.0943
382.5,-1.76013e-009,11.4402,37.2406
383,-1.76587e-009,11.494,37.3915
383.5,-1.77162e-009,11.5362,37.5459
384,-1.77739e-009,11.5666,37.703
384.5,-1.78316e-009,11.5851,37.8619
385,-1.78894e-009,11.5915,38.0217
385.5,-1.79473e-009,11.5857,38.1815
386,-1.80053e-009,11.5679,38.3404
386.5,-1.80634e-009,11.538,38.4974
387,-1.81216e-009,11.4963,38.6517
387.5,-1.81799e-009,11.443,38.8023
388,-1.82383e-009,11.3784,38.9484
388.5,-1.82967e-009,11.3029,39.0891
389,-1.83553e-009,11.2169,39.2235
389.5,-1.8414e-009,11.1209,39.351
390,-1.84727e-009,11.0154,39.4708
390.5,-1.85316e-009,10.9011,39.582
391,-1.85905e-009,10.7787,39.6842
391.5,-1.86495e-009,10.6488,39.7767
392,-1.87087e-009,10.5122,39.8588
392.5,-1.87679e-009,10.3698,39.9302
393,-1.88272e-009,10.2223,39.9905
393.5,-1.88866e-009,10.0706,40.0391
394,-1.89461e-009,9.91569,40.076
394.5,-1.90057e-009,9.75843,40.1007
395,-1.90654e-009,9.59978,40.1132
395.5,-1.91252e-009,9.44067,40.1134
396,-1.9185e-009,9.28206,40.1013
396.5,-1.9245e-009,9.12491,40.077
397,-1.93051e-009,8.97017,40.0405
397.5,-1.93652e-009,8.81876,39.9921
398,-1.94255e-009,8.67161,39.9322
398.5,-1.94858e-009,8.52961,39.8609
399,-1.95463e-009,8.39362,39.7789
399.5,-1.96068e-009,8.26448,39.6865
400,-1.96674e-009,8.14297,39.5844
400.5,-1.97282e-009,8.02984,39.4731
401,-1.9789e-009,7.92579,39.3533
401.5,-1.98499e-009,7.83146,39.2258
402,-1.99109e-009,7.74744,39.0913
402.5,-1.9972e-009,7.67424,38.9507
403,-2.00332e-009,7.61232,38.8048
403.5,-2.00944e-009,7.56207,38.6545
404,-2.01558e-009,7.5238,38.5008
404.5,-2.02173e-009,7.49776,38.3446
405,-2.02789e-009,7.48412,38.1869
405.5,-2.03405e-009,7.48297,38.0286
406,-2.04023e-009,7.49431,37.8707
406.5,-2.04641e-009,7.51809,37.7143
407,-2.05261e-009,7.55415,37.5603
407.5,-2.05881e-009,7.60229,37.4097
408,-2.06502e-009,7.66219,37.2634
408.5,-2.07124e-009,7.7335,37.1224
409,-2.07747e-009,7.81576,36.9874
409.5,-2.08372e-009,7.90846,36.8595
410,-2.08997e-009,8.01101,36.7394
410.5,-2.09622e-009,8.12278,36.6279
411,-2.10249e-009,8.24305,36.5256
411.5,-2.10877e-009,8.37106,36.4333
412,-2.11506e-009,8.506,36.3516
412.5,-2.12136e-009,8.647,36.2808
413,-2.12766e-009,8.79318,36.2216
413.5,-2.13398e-009,8.94359,36.1744
414,-2.1403e-009,9.09728,36.1393
414.5,-2.14664e-009,9.25324,36.1166
415,-2.15298e-009,9.41049,36.1066
415.5,-2.15934e-009,9.56799,36.1092
416,-2.1657e-009,9.72475,36.1244
416.5,-2.17207e-009,9.87973,36.1522
417,-2.17845e-009,10.0319,36.1924
417.5,-2.18484e-009,10.1804,36.2447
418,-2.19124e-009,10.3241,36.3089
418.5,-2.19765e-009,10.4621,36.3843
419,-2.20407e-009,10.5936,36.4707
419.5,-2.2105e-009,10.7176,36.5674
420,-2.21694e-009,10.8333,36.6738
420.5,-2.22338e-009,10.9401,36.7891
421,-2.22984e-009,11.0371,36.9128
421.5,-2.2363e-009,11.1238,37.0438
422,-2.24278e-009,11.1995,37.1815
422.5,-2.24926e-009,11.2638,37.3248
423,-2.25576e-009,11.3161,37.4728
423.5,-2.26226e-009,11.3563,37.6245
424,-2.26877e-009,11.384,37.779
424.5,-2.2753e-009,11.399,37.9352
425,-2.28183e-009,11.4012,38.0921
425.5,-2.28837e-009,11.3906,38.2486
426,-2.29492e-009,11.3672,38.4037
426.5,-2.30148e-009,11.3313,38.5563
427,-2.30805e-009,11.283,38.7054
427.5,-2.31462e-009,11.2227,38.8501
428,-2.32121e-009,11.1507,38.9892
428.5,-2.32781e-009,11.0676,39.122
429,-2.33441e-009,10.9739,39.2475
429.5,-2.34103e-009,10.8703,39.3649
430,-2.34766e-009,10.7574,39.4733
430.5,-2.35429e-009,10.6359,39.5721
431,-2.36093e-009,10.5068,39.6605
431.5,-2.36759e-009,10.3709,39.7379
432,-2.37425e-009,10.229,39.8039
432.5,-2.38092e-009,10.0823,39.858
433,-2.3876e-009,9.93162,39.8997
433.5,-2.39429e-009,9.77805,39.9289
434,-2.40099e-009,9.62262,39.9452
434.5,-2.4077e-009,9.46641,39.9487
435,-2.41442e-009,9.31049,39.9392
435.5,-2.42115e-009,9.15592,39.9168
436,-2.42789e-009,9.00377,39.8817
436.5,-2.43463e-009,8.85508,39.8341
437,-2.44139e-009,8.71089,39.7744
437.5,-2.44816e-009,8.57219,39.7029
438,-2.45493e-009,8.43994,39.6202
438.5,-2.46171e-009,8.31505,39.5267
439,-2.46851e-009,8.19841,39.4232
439.5,-2.47531e-009,8.09081,39.3104
440,-2.48212e-009,7.99301,39.189
440.5,-2.48895e-009,7.9057,39.0599
441,-2.49578e-009,7.82947,38.9241
441.5,-2.50262e-009,7.76488,38.7823
442,-2.50947e-009,7.71237,38.6357
442.5,-2.51633e-009,7.67232,38.4852
443,-2.5232e-009,7.645,38.332
443.5,-2.53007e-009,7.63062,38.177
444,-2.53696e-009,7.62927,38.0214
444.5,-2.54386e-009,7.64098,37.8663
445,-2.55076e-009,7.66565,37.7127
445.5,-2.55768e-009,7.70313,37.5618
446,-2.5646e-009,7.75314,37.4146
446.5,-2.57154e-009,7.81534,37.2722
447,-2.57848e-009,7.88929,37.1355
447.5,-2.58544e-009,7.97447,37.0055
448,-2.5924e-009,8.07027,36.8833
448.5,-2.59937e-009,8.17602,36.7695
449,-2.60635e-009,8.29096,36.6651
449.5,-2.61334e-009,8.41427,36.5708
450,-2.62034e-009,8.54509,36.4873
450.5,-2.62735e-009,8.68247,36.4151
451,-2.63437e-009,8.82543,36.3549
451.5,-2.6414e-009,8.97295,36.3069
452,-2.64843e-009,9.12397,36.2716
452.5,-2.65548e-009,9.2774,36.2493
453,-2.66254e-009,9.43215,36.24
453.5,-2.6696e-009,9.5871,36.2439
454,-2.67668e-009,9.74112,36.2609
454.5,-2.68376e-009,9.89312,36.291
455,-2.69086e-009,10.042,36.3338
455.5,-2.69796e-009,10.1866,36.3892
456,-2.70507e-009,10.326,36.4566
456.5,-2.71219e-009,10.4591,36.5356
457,-2.71932e-009,10.585,36.6257
457.5,-2.72646e-009,10.7028,36.7262
458,-2.73361e-009,10.8115,36.8363
458.5,-2.74077e-009,10.9104,36.9552
459,-2.74794e-009,10.9987,37.0822
459.5,-2.75512e-009,11.0759,37.2162
460,-2.76231e-009,11.1413,37.3563
460.5,-2.7695e-009,11.1945,37.5014
461,-2.77671e-009,11.2351,37.6505
461.5,-2.78393e-009,11.2628,37.8026
462,-2.79115e-009,11.2773,37.9564
462.5,-2.79838e-009,11.2786,38.1108
463,-2.80563e-009,11.2667,38.2648
463.5,-2.81288e-009,11.2416,38.4172
464,-2.82014e-009,11.2035,38.5668
464.5,-2.82741e-009,11.1527,38.7126
465,-2.8347e-009,11.0896,38.8534
465.5,-2.84199e-009,11.0146,38.9883
466,-2.84929e-009,10.9283,39.1161
466.5,-2.8566e-009,10.8313,39.2361
467,-2.86391e-009,10.7244,39.3472
467.5,-2.87124e-009,10.6083,39.4487
468,-2.87858e-009,10.484,39.5398
468.5,-2.88593e-009,10.3523,39.6199
469,-2.89328e-009,10.2141,39.6882
469.5,-2.90065e-009,10.0707,39.7443
470,-2.90802e-009,9.92289,39.7879
470.5,-2.91541e-009,9.77195,39.8185
471,-2.9228e-009,9.61895,39.8359
471.5,-2.9302e-009,9.46505,39.84
472,-2.93761e-009,9.3114,39.8308
472.5,-2.94504e-009,9.15915,39.8083
473,-2.95247e-009,9.00945,39.7727
473.5,-2.95991e-009,8.86343,39.7243
474,-2.96736e-009,8.72219,39.6634
474.5,-2.97482e-009,8.58679,39.5905
475,-2.98228e-009,8.45826,39.5061
475.5,-2.98976e-009,8.33757,39.4109
476,-2.99725e-009,8.22562,39.3056
476.5,-3.00475e-009,8.12328,39.191
477,-3.01225e-009,8.03132,39.0679
477.5,-3.01977e-009,7.95044,38.9373
478,-3.02729e-009,7.88124,38.8002
478.5,-3.03483e-009,7.82427,38.6576
479,-3.04237e-009,7.77996,38.5106
479.5,-3.04992e-009,7.74863,38.3604
480,-3.05749e-009,7.73054,38.208
480.5,-3.06506e-009,7.72583,38.0546
481,-3.07264e-009,7.73453,37.9015
481.5,-3.08023e-009,7.75657,37.7497
482,-3.08783e-009,7.79179,37.6004
482.5,-3.09544e-009,7.83992,37.4549
483,-3.10306e-009,7.90059,37.3141
483.5,-3.11068e-009,7.97334,37.1792
484,-3.11832e-009,8.05762,37.0512
484.5,-3.12597e-009,8.15276,36.9311
485,-3.13362e-009,8.25805,36.8199
485.5,-3.14129e-009,8.37267,36.7183
486,-3.14896e-009,8.49574,36.6272
486.5,-3.15665e-009,8.62631,36.5473
487,-3.16434e-009,8.76337,36.4791
487.5,-3.17204e-009,8.90586,36.4233
488,-3.17976e-009,9.05269,36.3802
488.5,-3.18748e-009,9.20271,36.3502
489,-3.19521e-009,9.35476,36.3335
489.5,-3.20295e-009,9.50766,36.3303
490,-3.2107e-009,9.66023,36.3405
490.5,-3.21846e-009,9.81128,36.3641
491,-3.22623e-009,9.95963,36.401
491.5,-3.234e-009,10.1041,36.4508
492,-3.24179e-009,10.2437,36.5131
492.5,-3.24959e-009,10.3771,36.5875
493,-3.25739e-009,10.5035,36.6733
493.5,-3.26521e-009,10.6217,36.77
494,-3.27303e-009,10.7309,36.8767
494.5,-3.28087e-009,10.8303,36.9926
495,-3.28871e-009,10.919,37.1169
495.5,-3.29656e-009,10.9964,37.2484
496,-3.30442e-009,11.0617,37.3863
496.5,-3.3123e-009,11.1147,37.5294
497,-3.32018e-009,11.1547,37.6766
497.5,-3.32807e-009,11.1815,37.8268
498,-3.33597e-009,11.1949,37.9787
498.5,-3.34388e-009,11.1948,38.1312
499,-3.35179e-009,11.1812,38.283
499.5,-3.35972e-009,11.1541,38.4331
500,-3.36766e-009,11.1139,38.58
500.5,-3.37561e-009,11.0608,38.7229
501,-3.38356e-009,10.9951,38.8604
501.5,-3.39153e-009,10.9176,38.9915
502,-3.3995e-009,10.8287,39.1152
502.5,-3.40749e-009,10.7292,39.2304
503,-3.41548e-009,10.6198,39.3364
503.5,-3.42348e-009,10.5015,39.4321
504,-3.43149e-009,10.3751,39.517
504.5,-3.43951e-009,10.2417,39.5902
505,-3.44755e-009,10.1023,39.6513
505.5,-3.45559e-009,9.9581,39.6996
506,-3.46364e-009,9.81014,39.7349
506.5,-3.47169e-009,9.65965,39.7569
507,-3.47976e-009,9.50783,39.7654
507.5,-3.48784e-009,9.35589,39.7602
508,-3.49593e-009,9.20503,39.7415
508.5,-3.50402e-009,9.05647,39.7095
509,-3.51213e-009,8.9114,39.6643
509.5,-3.52024e-009,8.77097,39.6063
510,-3.52837e-009,8.63631,39.536
510.5,-3.5365e-009,8.5085,39.4539
511,-3.54465e-009,8.38857,39.3608
511.5,-3.5528e-009,8.27747,39.2573
512,-3.56096e-009,8.1761,39.1443
512.5,-3.56913e-009,8.08528,39.0227
513,-3.57731e-009,8.00574,38.8934
513.5,-3.5855e-009,7.93811,38.7576
514,-3.5937e-009,7.88295,38.6163
514.5,-3.60191e-009,7.84069,38.4706
515,-3.61013e-009,7.81168,38.3218
515.5,-3.61836e-009,7.79615,38.1709
516,-3.6266e-009,7.79422,38.0193
516.5,-3.63484e-009,7.80592,37.8682
517,-3.6431e-009,7.83115,37.7188
517.5,-3.65136e-009,7.8697,37.5722
518,-3.65964e-009,7.92126,37.4298
518.5,-3.66792e-009,7.98542,37.2926
519,-3.67621e-009,8.06166,37.1617
519.5,-3.68452e-009,8.14934,37.0382
520,-3.69283e-009,8.24778,36.9232
520.5,-3.70115e-009,8.35615,36.8175
521,-3.70948e-009,8.47359,36.722
521.5,-3.71782e-009,8.59914,36.6375
522,-3.72617e-009,8.73177,36.5647
522.5,-3.73453e-009,8.87041,36.5041
523,-3.7429e-009,9.01393,36.4563
523.5,-3.75127e-009,9.16115,36.4216
524,-3.75966e-009,9.31087,36.4004
524.5,-3.76806e-009,9.46188,36.3928
525,-3.77646e-009,9.61293,36.3989
525.5,-3.78488e-009,9.7628,36.4185
526,-3.7933e-009,9.91025,36.4517
526.5,-3.80174e-009,10.0541,36.498
527,-3.81018e-009,10.1931,36.5571
527.5,-3.81863e-009,10.3262,36.6286
528,-3.8271e-009,10.4523,36.7118
528.5,-3.83557e-009,10.5703,36.806
529,-3.84405e-009,10.6792,36.9105
529.5,-3.85254e-009,10.7783,37.0245
530,-3.86104e-009,10.8666,37.1469
530.5,-3.86955e-009,10.9434,37.2768
531,-3.87806e-009,11.0082,37.4131
531.5,-3.88659e-009,11.0603,37.5547
532,-3.89513e-009,11.0993,37.7004
532.5,-3.90367e-009,11.125,37.8491
533,-3.91223e-009,11.1371,37.9994
533.5,-3.9208e-009,11.1354,38.1502
534,-3.92937e-009,11.1201,38.3002
534.5,-3.93795e-009,11.0913,38.4482
535,-3.94655e-009,11.0491,38.5929
535.5,-3.95515e-009,10.994,38.7331
536,-3.96376e-009,10.9263,38.8678
536.5,-3.97238e-009,10.8467,38.9957
537,-3.98101e-009,10.7558,39.1158
537.5,-3.98965e-009,10.6544,39.2272
538,-3.9983e-009,10.5433,39.3289
538.5,-4.00696e-009,10.4234,39.42
539,-4.01563e-009,10.2958,39.4998
539.5,-4.02431e-009,10.1614,39.5677
540,-4.03299e-009,10.0214,39.623
540.5,-4.04169e-009,9.87701,39.6653
541,-4.0504e-009,9.72936,39.6943
541.5,-4.05911e-009,9.5797,39.7097
542,-4.06783e-009,9.42929,39.7114
542.5,-4.07657e-009,9.27937,39.6994
543,-4.08531e-009,9.13118,39.6738
543.5,-4.09406e-009,8.98598,39.6348
544,-4.10283e-009,8.84496,39.5827
544.5,-4.1116e-009,8.70931,39.5179
545,-4.12038e-009,8.58016,39.4411
545.5,-4.12917e-009,8.45858,39.3527
546,-4.13797e-009,8.34559,39.2537
546.5,-4.14678e-009,8.24214,39.1448
547,-4.15559e-009,8.14909,39.0269
547.5,-4.16442e-009,8.06722,38.9009
548,-4.17326e-009,7.99721,38.7681
548.5,-4.1821e-009,7.93966,38.6294
549,-4.19096e-009,7.89504,38.4861
549.5,-4.19982e-009,7.86372,38.3393
550,-4.2087e-009,7.84597,38.1903
550.5,-4.21758e-009,7.84194,38.0403
551,-4.22648e-009,7.85166,37.8906
551.5,-4.23538e-009,7.87504,37.7424
552,-4.24429e-009,7.91189,37.597
552.5,-4.25321e-009,7.96191,37.4556
553,-4.26214e-009,8.02466,37.3194
553.5,-4.27108e-009,8.09962,37.1896
554,-4.28003e-009,8.18616,37.0672
554.5,-4.28899e-009,8.28354,36.9533
555,-4.29796e-009,8.39095,36.8487
555.5,-4.30694e-009,8.50748,36.7545
556,-4.31592e-009,8.63214,36.6715
556.5,-4.32492e-009,8.76389,36.6002
557,-4.33392e-009,8.90161,36.5413
557.5,-4.34294e-009,9.04414,36.4953
558,-4.35196e-009,9.19026,36.4626
558.5,-4.361e-009,9.33875,36.4435
559,-4.37004e-009,9.48836,36.4381
559.5,-4.37909e-009,9.6378,36.4464
560,-4.38815e-009,9.78583,36.4685
560.5,-4.39722e-009,9.93117,36.5041
561,-4.40631e-009,10.0726,36.5529
561.5,-4.4154e-009,10.209,36.6144
562,-4.42449e-009,10.339,36.6883
562.5,-4.4336e-009,10.4617,36.7738
563,-4.44272e-009,10.576,36.8702
563.5,-4.45185e-009,10.681,36.9767
564,-4.46099e-009,10.7756,37.0925
564.5,-4.47013e-009,10.8592,37.2164
565,-4.47929e-009,10.931,37.3475
565.5,-4.48845e-009,10.9905,37.4846
566,-4.49763e-009,11.037,37.6266
566.5,-4.50681e-009,11.0702,37.7722
567,-4.516e-009,11.0899,37.9203
567.5,-4.5252e-009,11.0958,38.0696
568,-4.53442e-009,11.088,38.2187
568.5,-4.54364e-009,11.0664,38.3665
569,-4.55287e-009,11.0313,38.5116
569.5,-4.56211e-009,10.983,38.6529
570,-4.57136e-009,10.9218,38.789
570.5,-4.58062e-009,10.8483,38.919
571,-4.58988e-009,10.7632,39.0415
571.5,-4.59916e-009,10.6671,39.1557
572,-4.60845e-009,10.5609,39.2605
572.5,-4.61774e-009,10.4455,39.355
573,-4.62705e-009,10.3219,39.4385
573.5,-4.63636e-009,10.1911,39.5101
574,-4.64569e-009,10.0542,39.5694
574.5,-4.65502e-009,9.91252,39.6157
575,-4.66436e-009,9.76714,39.6488
575.5,-4.67372e-009,9.61935,39.6682
576,-4.68308e-009,9.47041,39.674
576.5,-4.69245e-009,9.3216,39.6659
577,-4.70183e-009,9.1742,39.644
577.5,-4.71122e-009,9.02947,39.6087
578,-4.72062e-009,8.88865,39.5601
578.5,-4.73003e-009,8.75295,39.4986
579,-4.73945e-009,8.62354,39.4249
579.5,-4.74887e-009,8.50152,39.3396
580,-4.75831e-009,8.38795,39.2433
580.5,-4.76776e-009,8.2838,39.1369
581,-4.77721e-009,8.18996,39.0213
581.5,-4.78668e-009,8.10725,38.8976
582,-4.79615e-009,8.03637,38.7667
582.5,-4.80563e-009,7.97793,38.6299
583,-4.81513e-009,7.93243,38.4882
583.5,-4.82463e-009,7.90027,38.343
584,-4.83414e-009,7.88172,38.1954
584.5,-4.84366e-009,7.87694,38.0468
585,-4.85319e-009,7.88596,37.8983
585.5,-4.86273e-009,7.90872,37.7514
586,-4.87228e-009,7.94502,37.6072
586.5,-4.88184e-009,7.99453,37.467
587,-4.89141e-009,8.05683,37.3321
587.5,-4.90098e-009,8.13138,37.2035
588,-4.91057e-009,8.21753,37.0824
588.5,-4.92017e-009,8.31455,36.9699
589,-4.92977e-009,8.42159,36.8669
589.5,-4.93939e-009,8.53772,36.7743
590,-4.94901e-009,8.66194,36.6928
590.5,-4.95864e-009,8.79317,36.6233
591,-4.96829e-009,8.93029,36.5663
591.5,-4.97794e-009,9.07209,36.5223
592,-4.9876e-009,9.21735,36.4916
592.5,-4.99727e-009,9.36481,36.4746
593,-5.00695e-009,9.5132,36.4714
593.5,-5.01664e-009,9.66123,36.482
594,-5.02634e-009,9.80761,36.5064
594.5,-5.03605e-009,9.95108,36.5442
595,-5.04577e-009,10.0904,36.5952
595.5,-5.05549e-009,10.2243,36.659
596,-5.06523e-009,10.3517,36.7349
596.5,-5.07498e-009,10.4715,36.8224
597,-5.08473e-009,10.5826,36.9206
597.5,-5.0945e-009,10.6841,37.0287
598,-5.10427e-009,10.775,37.1458
598.5,-5.11405e-009,10.8547,37.2708
599,-5.12385e-009,10.9223,37.4027
599.5,-5.13365e-009,10.9773,37.5403
600,-5.14346e-009,11.0193,37.6824
600.5,-5.15328e-009,11.0479,37.8278
601,-5.16311e-009,11.0627,37.9752
601.5,-5.17295e-009,11.0638,38.1234
602,-5.1828e-009,11.051,38.2709
602.5,-5.19266e-009,11.0246,38.4167
603,-5.20253e-009,10.9847,38.5593
603.5,-5.2124e-009,10.9316,38.6975
604,-5.22229e-009,10.8659,38.8302
604.5,-5.23219e-009,10.7882,38.9562
605,-5.24209e-009,10.699,39.0743
605.5,-5.25201e-009,10.5992,39.1836
606,-5.26193e-009,10.4896,39.2831
606.5,-5.27186e-009,10.3713,39.372
607,-5.28181e-009,10.2451,39.4493
607.5,-5.29176e-009,10.1124,39.5146
608,-5.30172e-009,9.9741,39.5672
608.5,-5.31169e-009,9.83153,39.6066
609,-5.32167e-009,9.68593,39.6325
609.5,-5.33166e-009,9.53855,39.6448
610,-5.34166e-009,9.3907,39.6432
610.5,-5.35167e-009,9.24365,39.6278
611,-5.36168e-009,9.0987,39.5987
611.5,-5.37171e-009,8.95712,39.5562
612,-5.38175e-009,8.82014,39.5007
612.5,-5.39179e-009,8.68896,39.4327
613,-5.40185e-009,8.56474,39.3526
613.5,-5.41191e-009,8.44855,39.2614
614,-5.42199e-009,8.34142,39.1596
614.5,-5.43207e-009,8.24428,39.0483
615,-5.44216e-009,8.15798,38.9285
615.5,-5.45227e-009,8.08329,38.801
616,-5.46238e-009,8.02084,38.6672
616.5,-5.4725e-009,7.9712,38.5282
617,-5.48263e-009,7.93478,38.3851
617.5,-5.49277e-009,7.91192,38.2392
618,-5.50292e-009,7.90281,38.0919
618.5,-5.51308e-009,7.90753,37.9444
619,-5.52324e-009,7.92604,37.798
619.5,-5.53342e-009,7.95817,37.6539
620,-5.54361e-009,8.00363,37.5136
620.5,-5.5538e-009,8.06204,37.3781
621,-5.56401e-009,8.13287,37.2487
621.5,-5.57422e-009,8.21549,37.1265
622,-5.58445e-009,8.3092,37.0126
622.5,-5.59468e-009,8.41314,36.908
623,-5.60492e-009,8.52643,36.8136
623.5,-5.61517e-009,8.64804,36.7302
624,-5.62544e-009,8.77692,36.6586
624.5,-5.63571e-009,8.91193,36.5994
625,-5.64599e-009,9.05188,36.5532
625.5,-5.65628e-009,9.19553,36.5202
626,-5.66657e-009,9.34163,36.5009
626.5,-5.67688e-009,9.48888,36.4953
627,-5.6872e-009,9.63599,36.5036
627.5,-5.69753e-009,9.78166,36.5256
628,-5.70786e-009,9.9246,36.5612
628.5,-5.71821e-009,10.0636,36.6101
629,-5.72856e-009,10.1973,36.6717
629.5,-5.73893e-009,10.3247,36.7457
630,-5.7493e-009,10.4446,36.8312
630.5,-5.75969e-009,10.5559,36.9276
631,-5.77008e-009,10.6576,37.034
631.5,-5.78048e-009,10.7489,37.1495
632,-5.79089e-009,10.829,37.273
632.5,-5.80131e-009,10.8971,37.4035
633,-5.81174e-009,10.9526,37.5398
633.5,-5.82218e-009,10.9951,37.6807
634,-5.83263e-009,11.0242,37.8249
634.5,-5.84309e-009,11.0396,37.9713
635,-5.85356e-009,11.0412,38.1184
635.5,-5.86403e-009,11.029,38.265
636,-5.87452e-009,11.0031,38.4097
636.5,-5.88502e-009,10.9636,38.5514
637,-5.89552e-009,10.9111,38.6888
637.5,-5.90604e-009,10.8459,38.8206
638,-5.91656e-009,10.7686,38.9457
638.5,-5.92709e-009,10.6799,39.0629
639,-5.93764e-009,10.5806,39.1713
639.5,-5.94819e-009,10.4715,39.2699
640,-5.95875e-009,10.3537,39.3577
640.5,-5.96932e-009,10.2281,39.4341
641,-5.9799e-009,10.096,39.4984
641.5,-5.99049e-009,9.95836,39.5499
642,-6.00109e-009,9.81652,39.5883
642.5,-6.0117e-009,9.67173,39.6131
643,-6.02231e-009,9.52525,39.6243
643.5,-6.03294e-009,9.37838,39.6216
644,-6.04358e-009,9.23244,39.6051
644.5,-6.05422e-009,9.0887,39.575
645,-6.06488e-009,8.94845,39.5314
645.5,-6.07554e-009,8.81293,39.4749
646,-6.08621e-009,8.68334,39.4059
646.5,-6.0969e-009,8.56083,39.325
647,-6.10759e-009,8.44649,39.2329
647.5,-6.11829e-009,8.34132,39.1305
648,-6.129e-009,8.24627,39.0187
648.5,-6.13972e-009,8.16217,38.8984
649,-6.15045e-009,8.08977,38.7708
649.5,-6.16119e-009,8.02972,38.6369
650,-6.17194e-009,7.98254,38.498
650.5,-6.1827e-009,7.94865,38.3553
651,-6.19347e-009,7.92835,38.21
651.5,-6.20424e-009,7.92182,38.0634
652,-6.21503e-009,7.92913,37.917
652.5,-6.22583e-009,7.95019,37.7718
653,-6.23663e-009,7.98482,37.6293
653.5,-6.24745e-009,8.03272,37.4908
654,-6.25827e-009,8.09346,37.3573
654.5,-6.2691e-009,8.16649,37.2302
655,-6.27995e-009,8.25116,37.1105
655.5,-6.2908e-009,8.34673,36.9994
656,-6.30166e-009,8.45233,36.8978
656.5,-6.31253e-009,8.56703,36.8065
657,-6.32341e-009,8.68981,36.7265
657.5,-6.3343e-009,8.81957,36.6585
658,-6.3452e-009,8.95515,36.6029
658.5,-6.35611e-009,9.09536,36.5604
659,-6.36702e-009,9.23893,36.5314
659.5,-6.37795e-009,9.3846,36.5159
660,-6.38889e-009,9.53106,36.5143
660.5,-6.39983e-009,9.677,36.5265
661,-6.41079e-009,9.82114,36.5524
661.5,-6.42175e-009,9.96218,36.5918
662,-6.43272e-009,10.0989,36.6443
662.5,-6.44371e-009,10.23,36.7094
663,-6.4547e-009,10.3544,36.7866
663.5,-6.4657e-009,10.4709,36.8752
664,-6.47671e-009,10.5785,36.9744
664.5,-6.48773e-009,10.6763,37.0833
665,-6.49876e-009,10.7634,37.201
665.5,-6.5098e-009,10.839,37.3263
666,-6.52085e-009,10.9024,37.4581
666.5,-6.53191e-009,10.9531,37.5954
667,-6.54298e-009,10.9906,37.7368
667.5,-6.55405e-009,11.0146,37.8811
668,-6.56514e-009,11.0249,38.027
668.5,-6.57623e-009,11.0214,38.1733
669,-6.58734e-009,11.004,38.3185
669.5,-6.59845e-009,10.9731,38.4614
670,-6.60958e-009,10.9287,38.6008
670.5,-6.62071e-009,10.8715,38.7353
671,-6.63185e-009,10.8018,38.8639
671.5,-6.643e-009,10.7202,38.9852
672,-6.65417e-009,10.6276,39.0983
672.5,-6.66534e-009,10.5247,39.2022
673,-6.67652e-009,10.4125,39.2959
673.5,-6.68771e-009,10.292,39.3785
674,-6.6989e-009,10.1642,39.4494
674.5,-6.71011e-009,10.0302,39.5079
675,-6.72133e-009,9.89141,39.5535
675.5,-6.73256e-009,9.74889,39.5857
676,-6.74379e-009,9.60398,39.6044
676.5,-6.75504e-009,9.45797,39.6093
677,-6.76629e-009,9.31216,39.6003
677.5,-6.77756e-009,9.16785,39.5776
678,-6.78883e-009,9.02635,39.5414
678.5,-6.80011e-009,8.88891,39.492
679,-6.81141e-009,8.75676,39.4299
679.5,-6.82271e-009,8.63109,39.3555
680,-6.83402e-009,8.51302,39.2696
680.5,-6.84534e-009,8.40361,39.1729
681,-6.85667e-009,8.30383,39.0663
681.5,-6.86801e-009,8.21458,38.9508
682,-6.87936e-009,8.13666,38.8273
682.5,-6.89071e-009,8.07076,38.6971
683,-6.90208e-009,8.01748,38.5612
683.5,-6.91346e-009,7.97728,38.4209
684,-6.92484e-009,7.95053,38.2774
684.5,-6.93624e-009,7.93746,38.1321
685,-6.94764e-009,7.9382,37.9862
685.5,-6.95906e-009,7.95273,37.841
686,-6.97048e-009,7.98093,37.6979
686.5,-6.98191e-009,8.02253,37.558
687,-6.99336e-009,8.07717,37.4228
687.5,-7.00481e-009,8.14435,37.2933
688,-7.01627e-009,8.22347,37.1708
688.5,-7.02774e-009,8.31382,37.0563
689,-7.03922e-009,8.41459,36.9509
689.5,-7.05071e-009,8.52487,36.8555
690,-7.06221e-009,8.64368,36.7709
690.5,-7.07372e-009,8.76994,36.698
691,-7.08523e-009,8.90252,36.6374
691.5,-7.09676e-009,9.04024,36.5896
692,-7.1083e-009,9.18186,36.555
692.5,-7.11984e-009,9.3261,36.534
693,-7.1314e-009,9.47168,36.5267
693.5,-7.14296e-009,9.61727,36.5333
694,-7.15453e-009,9.76159,36.5536
694.5,-7.16612e-009,9.90333,36.5874
695,-7.17771e-009,10.0412,36.6346
695.5,-7.18931e-009,10.174,36.6945
696,-7.20092e-009,10.3005,36.7668
696.5,-7.21254e-009,10.4196,36.8507
697,-7.22417e-009,10.5302,36.9455
697.5,-7.23581e-009,10.6314,37.0503
698,-7.24746e-009,10.7221,37.1643
698.5,-7.25912e-009,10.8017,37.2863
699,-7.27078e-009,10.8693,37.4152
699.5,-7.28246e-009,10.9244,37.55
700,-7.29415e-009,10.9665,37.6895
700.5,-7.30584e-009,10.9952,37.8322
701,-7.31755e-009,11.0103,37.977
701.5,-7.32926e-009,11.0116,38.1226
702,-7.34098e-009,10.9991,38.2677
702.5,-7.35272e-009,10.9729,38.4109
703,-7.36446e-009,10.9332,38.5509
703.5,-7.37621e-009,10.8805,38.6866
704,-7.38797e-009,10.8151,38.8167
704.5,-7.39974e-009,10.7378,38.94
705,-7.41152e-009,10.6491,39.0553
705.5,-7.42331e-009,10.5499,39.1618
706,-7.43511e-009,10.441,39.2584
706.5,-7.44692e-009,10.3235,39.3442
707,-7.45873e-009,10.1984,39.4185
707.5,-7.47056e-009,10.0668,39.4806
708,-7.4824e-009,9.92999,39.53
708.5,-7.49424e-009,9.78908,39.5661
709,-7.5061e-009,9.64539,39.5888
709.5,-7.51796e-009,9.50021,39.5977
710,-7.52983e-009,9.35485,39.5928
710.5,-7.54172e-009,9.21061,39.5742
711,-7.55361e-009,9.06879,39.542
711.5,-7.56551e-009,8.93067,39.4965
712,-7.57742e-009,8.79749,39.4381
712.5,-7.58934e-009,8.67046,39.3674
713,-7.60127e-009,8.55071,39.2849
713.5,-7.61321e-009,8.43932,39.1915
714,-7.62516e-009,8.3373,39.0879
714.5,-7.63712e-009,8.24557,38.9751
715,-7.64908e-009,8.16494,38.8542
715.5,-7.66106e-009,8.09615,38.7261
716,-7.67305e-009,8.03981,38.5922
716.5,-7.68504e-009,7.99643,38.4534
717,-7.69705e-009,7.9664,38.3113
717.5,-7.70906e-009,7.95,38.1669
718,-7.72108e-009,7.94736,38.0216
718.5,-7.73312e-009,7.9585,37.8767
719,-7.74516e-009,7.98334,37.7335
719.5,-7.75721e-009,8.02164,37.5934
720,-7.76927e-009,8.07305,37.4575
720.5,-7.78134e-009,8.13712,37.3271
721,-7.79342e-009,8.21326,37.2034
721.5,-7.80551e-009,8.30079,37.0875
722,-7.81761e-009,8.39891,36.9804
722.5,-7.82971e-009,8.50674,36.8831
723,-7.84183e-009,8.62331,36.7965
723.5,-7.85396e-009,8.74757,36.7213
724,-7.86609e-009,8.87839,36.6583
724.5,-7.87824e-009,9.01459,36.6079
725,-7.89039e-009,9.15495,36.5708
725.5,-7.90256e-009,9.29819,36.5471
726,-7.91473e-009,9.44303,36.5371
726.5,-7.92691e-009,9.58816,36.5408
727,-7.93911e-009,9.73227,36.5584
727.5,-7.95131e-009,9.87405,36.5895
728,-7.96352e-009,10.0122,36.6339
728.5,-7.97574e-009,10.1456,36.6913
729,-7.98797e-009,10.2729,36.761
729.5,-8.00021e-009,10.3929,36.8425
730,-8.01245e-009,10.5047,36.9351
730.5,-8.02471e-009,10.6073,37.0378
731,-8.03698e-009,10.6996,37.1498
731.5,-8.04926e-009,10.7808,37.27
732,-8.06154e-009,10.8503,37.3974
732.5,-8.07384e-009,10.9073,37.5308
733,-8.08614e-009,10.9515,37.669
733.5,-8.09846e-009,10.9823,37.8107
734,-8.11078e-009,10.9995,37.9548
734.5,-8.12311e-009,11.0029,38.0998
735,-8.13545e-009,10.9926,38.2445
735.5,-8.1478e-009,10.9686,38.3875
736,-8.16017e-009,10.9311,38.5277
736.5,-8.17254e-009,10.8805,38.6636
737,-8.18491e-009,10.8173,38.7941
737.5,-8.1973e-009,10.7419,38.9179
738,-8.2097e-009,10.6551,39.0341
738.5,-8.22211e-009,10.5576,39.1415
739,-8.23453e-009,10.4505,39.2392
739.5,-8.24695e-009,10.3345,39.3262
740,-8.25939e-009,10.2108,39.4018
740.5,-8.27183e-009,10.0805,39.4653
741,-8.28429e-009,9.94472,39.5162
741.5,-8.29675e-009,9.80476,39.5539
742,-8.30923e-009,9.66185,39.5782
742.5,-8.32171e-009,9.51728,39.5888
743,-8.3342e-009,9.37238,39.5856
743.5,-8.3467e-009,9.22843,39.5687
744,-8.35921e-009,9.08676,39.5381
744.5,-8.37173e-009,8.94863,39.4943
745,-8.38426e-009,8.81529,39.4375
745.5,-8.3968e-009,8.68795,39.3684
746,-8.40935e-009,8.56777,39.2874
746.5,-8.42191e-009,8.45583,39.1954
747,-8.43447e-009,8.35313,39.0932
747.5,-8.44705e-009,8.26062,38.9817
748,-8.45963e-009,8.17911,38.8619
748.5,-8.47223e-009,8.10936,38.735
749,-8.48483e-009,8.05199,38.602
749.5,-8.49745e-009,8.00752,38.4641
750,-8.51007e-009,7.97635,38.3226
750.5,-8.5227e-009,7.95876,38.1789
751,-8.53535e-009,7.95491,38.0341
751.5,-8.548e-009,7.96484,37.8896
752,-8.56066e-009,7.98845,37.7467
752.5,-8.57333e-009,8.02552,37.6067
753,-8.58601e-009,8.07573,37.4709
753.5,-8.5987e-009,8.13862,37.3405
754,-8.61139e-009,8.21362,37.2166
754.5,-8.6241e-009,8.30004,37.1004
755,-8.63682e-009,8.39711,36.993
755.5,-8.64954e-009,8.50394,36.8953
756,-8.66228e-009,8.61957,36.8082
756.5,-8.67503e-009,8.74296,36.7324
757,-8.68778e-009,8.87297,36.6688
757.5,-8.70054e-009,9.00844,36.6178
758,-8.71332e-009,9.14814,36.5799
758.5,-8.7261e-009,9.29081,36.5554
759,-8.73889e-009,9.43514,36.5447
759.5,-8.75169e-009,9.57984,36.5476
760,-8.7645e-009,9.7236,36.5644
760.5,-8.77732e-009,9.86511,36.5947
761,-8.79015e-009,10.0031,36.6383
761.5,-8.80299e-009,10.1363,36.6949
762,-8.81584e-009,10.2635,36.7638
762.5,-8.8287e-009,10.3836,36.8446
763,-8.84156e-009,10.4954,36.9363
763.5,-8.85444e-009,10.5981,37.0383
764,-8.86733e-009,10.6905,37.1496
764.5,-8.88022e-009,10.772,37.2692
765,-8.89312e-009,10.8417,37.396
765.5,-8.90604e-009,10.899,37.5288
766,-8.91896e-009,10.9435,37.6664
766.5,-8.93189e-009,10.9747,37.8077
767,-8.94484e-009,10.9922,37.9512
767.5,-8.95779e-009,10.9961,38.0958
768,-8.97075e-009,10.9862,38.2401
768.5,-8.98372e-009,10.9626,38.3828
769,-8.9967e-009,10.9256,38.5226
769.5,-9.00969e-009,10.8754,38.6583
770,-9.02268e-009,10.8126,38.7885
770.5,-9.03569e-009,10.7377,38.9122
771,-9.04871e-009,10.6513,39.0282
771.5,-9.06173e-009,10.5543,39.1354
772,-9.07477e-009,10.4476,39.233
772.5,-9.08781e-009,10.332,39.3199
773,-9.10087e-009,10.2088,39.3955
773.5,-9.11393e-009,10.0789,39.4589
774,-9.12701e-009,9.94354,39.5098
774.5,-9.14009e-009,9.80399,39.5475
775,-9.15318e-009,9.66148,39.5718
775.5,-9.16628e-009,9.51732,39.5824
776,-9.17939e-009,9.3728,39.5793
776.5,-9.19251e-009,9.22924,39.5624
777,-9.20564e-009,9.08795,39.532
777.5,-9.21878e-009,8.95019,39.4883
778,-9.23193e-009,8.81722,39.4316
778.5,-9.24508e-009,8.69025,39.3626
779,-9.25825e-009,8.57043,39.2818
779.5,-9.27143e-009,8.45884,39.1899
780,-9.28461e-009,8.3565,39.0879
780.5,-9.29781e-009,8.26433,38.9766
781,-9.31101e-009,8.18316,38.8571
781.5,-9.32423e-009,8.11374,38.7304
782,-9.33745e-009,8.0567,38.5976
782.5,-9.35068e-009,8.01254,38.46
783,-9.36392e-009,7.98167,38.3189
783.5,-9.37717e-009,7.96438,38.1755
784,-9.39043e-009,7.9608,38.031
784.5,-9.4037e-009,7.97099,37.8869
785,-9.41698e-009,7.99484,37.7445
785.5,-9.43027e-009,8.03213,37.6049
786,-9.44357e-009,8.08254,37.4695
786.5,-9.45688e-009,8.14559,37.3396
787,-9.47019e-009,8.22072,37.2162
787.5,-9.48352e-009,8.30724,37.1006
788,-9.49686e-009,8.40438,36.9937
788.5,-9.5102e-009,8.51124,36.8965
789,-9.52355e-009,8.62686,36.81
789.5,-9.53692e-009,8.75018,36.7348
790,-9.55029e-009,8.88009,36.6718
790.5,-9.56367e-009,9.01541,36.6213
791,-9.57706e-009,9.15491,36.584
791.5,-9.59047e-009,9.29732,36.5602
792,-9.60388e-009,9.44135,36.55
792.5,-9.6173e-009,9.58569,36.5535
793,-9.63073e-009,9.72904,36.5708
793.5,-9.64416e-009,9.87009,36.6016
794,-9.65761e-009,10.0076,36.6458
794.5,-9.67107e-009,10.1402,36.7028
795,-9.68454e-009,10.2668,36.7721
795.5,-9.69801e-009,10.3862,36.8532
796,-9.7115e-009,10.4974,36.9453
796.5,-9.72499e-009,10.5993,37.0476
797,-9.7385e-009,10.691,37.159
797.5,-9.75201e-009,10.7717,37.2787
798,-9.76553e-009,10.8406,37.4056
798.5,-9.77906e-009,10.8971,37.5384
799,-9.79261e-009,10.9407,37.676
799.5,-9.80616e-009,10.971,37.8171
800,-9.81972e-009,10.9878,37.9604
800.5,-9.83329e-009,10.9908,38.1047
801,-9.84687e-009,10.9801,38.2486
801.5,-9.86046e-009,10.9557,38.3909
802,-9.87405e-009,10.9179,38.5301
802.5,-9.88766e-009,10.867,38.6652
803,-9.90128e-009,10.8035,38.7947
803.5,-9.9149e-009,10.728,38.9177
804,-9.92854e-009,10.6411,39.0328
804.5,-9.94218e-009,10.5436,39.1392
805,-9.95584e-009,10.4364,39.2358
805.5,-9.9695e-009,10.3206,39.3218
806,-9.98317e-009,10.197,39.3964
806.5,-9.99686e-009,10.067,39.4588
807,-1.00105e-008,9.93157,39.5086
807.5,-1.00242e-008,9.79205,39.5452
808,-1.0038e-008,9.64967,39.5685
808.5,-1.00517e-008,9.50574,39.578
809,-1.00654e-008,9.36155,39.5738
809.5,-1.00791e-008,9.21842,39.5559
810,-1.00929e-008,9.07765,39.5244
810.5,-1.01067e-008,8.94052,39.4797
811,-1.01204e-008,8.80827,39.4222
811.5,-1.01342e-008,8.68211,39.3523
812,-1.0148e-008,8.56318,39.2707
812.5,-1.01618e-008,8.45256,39.1781
813,-1.01756e-008,8.35127,39.0755
813.5,-1.01894e-008,8.2602,38.9637
814,-1.02032e-008,8.18021,38.8437
814.5,-1.0217e-008,8.112,38.7166
815,-1.02309e-008,8.0562,38.5836
815.5,-1.02447e-008,8.01332,38.446
816,-1.02586e-008,7.98375,38.3048
816.5,-1.02725e-008,7.96775,38.1615
817,-1.02863e-008,7.96547,38.0174
817.5,-1.03002e-008,7.97694,37.8736
818,-1.03141e-008,8.00203,37.7317
818.5,-1.0328e-008,8.04053,37.5927
819,-1.0342e-008,8.09209,37.4581
819.5,-1.03559e-008,8.15624,37.329
820,-1.03698e-008,8.23238,37.2066
820.5,-1.03838e-008,8.31984,37.092
821,-1.03977e-008,8.41781,36.9862
821.5,-1.04117e-008,8.52541,36.8903
822,-1.04257e-008,8.64165,36.805
822.5,-1.04396e-008,8.76548,36.7312
823,-1.04536e-008,8.89577,36.6696
823.5,-1.04676e-008,9.03134,36.6206
824,-1.04816e-008,9.17095,36.5848
824.5,-1.04957e-008,9.31334,36.5624
825,-1.05097e-008,9.4572,36.5537
825.5,-1.05237e-008,9.60124,36.5588
826,-1.05378e-008,9.74414,36.5775
826.5,-1.05518e-008,9.8846,36.6098
827,-1.05659e-008,10.0213,36.6552
827.5,-1.058e-008,10.1531,36.7136
828,-1.05941e-008,10.2788,36.7842
828.5,-1.06082e-008,10.3971,36.8664
829,-1.06223e-008,10.5071,36.9595
829.5,-1.06364e-008,10.6076,37.0627
830,-1.06505e-008,10.6979,37.175
830.5,-1.06646e-008,10.7771,37.2954
831,-1.06788e-008,10.8445,37.4228
831.5,-1.06929e-008,10.8994,37.556
832,-1.07071e-008,10.9414,37.6938
832.5,-1.07212e-008,10.97,37.835
833,-1.07354e-008,10.9851,37.9783
833.5,-1.07496e-008,10.9865,38.1224
834,-1.07638e-008,10.9741,38.2659
834.5,-1.0778e-008,10.9481,38.4076
835,-1.07922e-008,10.9087,38.5462
835.5,-1.08065e-008,10.8563,38.6804
836,-1.08207e-008,10.7914,38.809
836.5,-1.08349e-008,10.7145,38.9308
837,-1.08492e-008,10.6263,39.0447
837.5,-1.08635e-008,10.5277,39.1497
838,-1.08777e-008,10.4196,39.2449
838.5,-1.0892e-008,10.3028,39.3293
839,-1.09063e-008,10.1786,39.4021
839.5,-1.09206e-008,10.048,39.4629
840,-1.09349e-008,9.91219,39.5109
840.5,-1.09492e-008,9.77244,39.5457
841,-1.09636e-008,9.63,39.5671
841.5,-1.09779e-008,9.48619,39.5748
842,-1.09922e-008,9.34229,39.5688
842.5,-1.10066e-008,9.19963,39.549
843,-1.1021e-008,9.0595,39.5158
843.5,-1.10353e-008,8.92317,39.4694
844,-1.10497e-008,8.7919,39.4102
844.5,-1.10641e-008,8.66686,39.3388
845,-1.10785e-008,8.5492,39.2557
845.5,-1.10929e-008,8.43999,39.1619
846,-1.11074e-008,8.34022,39.0581
846.5,-1.11218e-008,8.2508,38.9452
847,-1.11362e-008,8.17254,38.8243
847.5,-1.11507e-008,8.10616,38.6965
848,-1.11652e-008,8.05226,38.563
848.5,-1.11796e-008,8.01132,38.425
849,-1.11941e-008,7.98373,38.2837
849.5,-1.12086e-008,7.96973,38.1404
850,-1.12231e-008,7.96944,37.9964
850.5,-1.12376e-008,7.98288,37.8531
851,-1.12521e-008,8.00992,37.7117
851.5,-1.12666e-008,8.0503,37.5735
852,-1.12812e-008,8.10368,37.4398
852.5,-1.12957e-008,8.16954,37.3118
853,-1.13103e-008,8.24731,37.1906
853.5,-1.13248e-008,8.33627,37.0774
854,-1.13394e-008,8.4356,36.9733
854.5,-1.1354e-008,8.54441,36.879
855,-1.13686e-008,8.6617,36.7956
855.5,-1.13832e-008,8.78641,36.7237
856,-1.13978e-008,8.9174,36.664
856.5,-1.14124e-008,9.05348,36.6171
857,-1.1427e-008,9.19341,36.5834
857.5,-1.14417e-008,9.33591,36.5631
858,-1.14563e-008,9.47969,36.5566
858.5,-1.1471e-008,9.62344,36.5637
859,-1.14856e-008,9.76585,36.5846
859.5,-1.15003e-008,9.90563,36.6189
860,-1.1515e-008,10.0415,36.6663
860.5,-1.15297e-008,10.1722,36.7265
861,-1.15444e-008,10.2966,36.7989
861.5,-1.15591e-008,10.4135,36.8829
862,-1.15738e-008,10.5219,36.9775
862.5,-1.15886e-008,10.6208,37.0821
863,-1.16033e-008,10.7092,37.1956
863.5,-1.16181e-008,10.7864,37.317
864,-1.16328e-008,10.8517,37.4453
864.5,-1.16476e-008,10.9045,37.5791
865,-1.16624e-008,10.9443,37.7174
865.5,-1.16772e-008,10.9707,37.8589
866,-1.1692e-008,10.9835,38.0022
866.5,-1.17068e-008,10.9826,38.1461
867,-1.17216e-008,10.968,38.2892
867.5,-1.17364e-008,10.9398,38.4303
868,-1.17512e-008,10.8983,38.5681
868.5,-1.17661e-008,10.8438,38.7013
869,-1.17809e-008,10.7769,38.8286
869.5,-1.17958e-008,10.6982,38.9491
870,-1.18107e-008,10.6083,39.0614
870.5,-1.18256e-008,10.5082,39.1647
871,-1.18404e-008,10.3986,39.258
871.5,-1.18553e-008,10.2807,39.3404
872,-1.18703e-008,10.1554,39.4111
872.5,-1.18852e-008,10.024,39.4696
873,-1.19001e-008,9.88761,39.5154
873.5,-1.1915e-008,9.74748,39.5479
874,-1.193e-008,9.60489,39.5669
874.5,-1.19449e-008,9.46113,39.5722
875,-1.19599e-008,9.31753,39.5638
875.5,-1.19749e-008,9.17538,39.5417
876,-1.19899e-008,9.03599,39.5062
876.5,-1.20049e-008,8.90062,39.4576
877,-1.20199e-008,8.7705,39.3963
877.5,-1.20349e-008,8.64682,39.3229
878,-1.20499e-008,8.53071,39.238
878.5,-1.20649e-008,8.42322,39.1424
879,-1.208e-008,8.32533,39.037
879.5,-1.2095e-008,8.23793,38.9228
880,-1.21101e-008,8.16183,38.8007
880.5,-1.21252e-008,8.0977,38.672
881,-1.21402e-008,8.04615,38.5377
881.5,-1.21553e-008,8.00763,38.3992
882,-1.21704e-008,7.98249,38.2576
882.5,-1.21855e-008,7.97097,38.1142
883,-1.22006e-008,7.97317,37.9704
883.5,-1.22158e-008,7.98907,37.8275
884,-1.22309e-008,8.01852,37.6867
884.5,-1.22461e-008,8.06125,37.5494
885,-1.22612e-008,8.11689,37.4168
885.5,-1.22764e-008,8.18491,37.2901
886,-1.22915e-008,8.26469,37.1705
886.5,-1.23067e-008,8.35553,37.059
887,-1.23219e-008,8.45657,36.9567
887.5,-1.23371e-008,8.56691,36.8645
888,-1.23523e-008,8.68553,36.7832
888.5,-1.23675e-008,8.81136,36.7136
889,-1.23828e-008,8.94325,36.6563
889.5,-1.2398e-008,9.08,36.6119
890,-1.24133e-008,9.22036,36.5807
890.5,-1.24285e-008,9.36305,36.563
891,-1.24438e-008,9.50678,36.559
891.5,-1.24591e-008,9.65023,36.5688
892,-1.24743e-008,9.7921,36.5921
892.5,-1.24896e-008,9.93109,36.6289
893,-1.25049e-008,10.0659,36.6788
893.5,-1.25203e-008,10.1954,36.7413
894,-1.25356e-008,10.3183,36.8158
894.5,-1.25509e-008,10.4336,36.9018
895,-1.25662e-008,10.5401,36.9983
895.5,-1.25816e-008,10.637,37.1046
896,-1.2597e-008,10.7233,37.2196
896.5,-1.26123e-008,10.7982,37.3423
897,-1.26277e-008,10.861,37.4716
897.5,-1.26431e-008,10.9113,37.6062
898,-1.26585e-008,10.9485,37.7451
898.5,-1.26739e-008,10.9722,37.8869
899,-1.26893e-008,10.9824,38.0303
899.5,-1.27047e-008,10.9788,38.174
900,-1.27202e-008,10.9616,38.3167
900.5,-1.27356e-008,10.9308,38.4571
901,-1.27511e-008,10.8867,38.5939
901.5,-1.27665e-008,10.8298,38.7259
902,-1.2782e-008,10.7606,38.8519
902.5,-1.27975e-008,10.6797,38.9707
903,-1.2813e-008,10.5879,39.0813
903.5,-1.28285e-008,10.4859,39.1826
904,-1.2844e-008,10.3747,39.2737
904.5,-1.28595e-008,10.2553,39.3538
905,-1.2875e-008,10.1289,39.4221
905.5,-1.28906e-008,9.99649,39.478
906,-1.29061e-008,9.85937,39.5211
906.5,-1.29217e-008,9.71877,39.5509
907,-1.29372e-008,9.57597,39.5672
907.5,-1.29528e-008,9.43227,39.5698
908,-1.29684e-008,9.28898,39.5586
908.5,-1.2984e-008,9.14741,39.5339
909,-1.29996e-008,9.00884,39.4957
909.5,-1.30152e-008,8.87455,39.4446
910,-1.30308e-008,8.74574,39.3808
910.5,-1.30465e-008,8.62361,39.3051
911,-1.30621e-008,8.50926,39.218
911.5,-1.30778e-008,8.40373,39.1205
912,-1.30934e-008,8.30798,39.0133
912.5,-1.31091e-008,8.2229,38.8975
913,-1.31248e-008,8.14924,38.7741
913.5,-1.31405e-008,8.08769,38.6442
914,-1.31562e-008,8.0388,38.5091
914.5,-1.31719e-008,8.00303,38.3699
915,-1.31876e-008,7.98069,38.228
915.5,-1.32033e-008,7.97199,38.0846
916,-1.3219e-008,7.977,37.9409
916.5,-1.32348e-008,7.99569,37.7985
917,-1.32505e-008,8.02789,37.6584
917.5,-1.32663e-008,8.07329,37.5221
918,-1.32821e-008,8.13148,37.3907
918.5,-1.32979e-008,8.20194,37.2655
919,-1.33136e-008,8.28401,37.1476
919.5,-1.33294e-008,8.37696,37.038
920,-1.33453e-008,8.47994,36.9378
920.5,-1.33611e-008,8.592,36.8478
921,-1.33769e-008,8.71213,36.769
921.5,-1.33927e-008,8.83922,36.702
922,-1.34086e-008,8.97213,36.6474
922.5,-1.34244e-008,9.10963,36.6058
923,-1.34403e-008,9.25048,36.5774
923.5,-1.34562e-008,9.39339,36.5626
924,-1.34721e-008,9.53706,36.5615
924.5,-1.3488e-008,9.68018,36.5741
925,-1.35039e-008,9.82144,36.6003
925.5,-1.35198e-008,9.95955,36.6399
926,-1.35357e-008,10.0933,36.6924
926.5,-1.35516e-008,10.2214,36.7575
927,-1.35676e-008,10.3427,36.8344
927.5,-1.35835e-008,10.4561,36.9226
928,-1.35995e-008,10.5605,37.0213
928.5,-1.36155e-008,10.6551,37.1294
929,-1.36314e-008,10.739,37.246
929.5,-1.36474e-008,10.8113,37.3701
930,-1.36634e-008,10.8715,37.5006
930.5,-1.36794e-008,10.919,37.6362
931,-1.36954e-008,10.9533,37.7757
931.5,-1.37115e-008,10.9741,37.9178
932,-1.37275e-008,10.9813,38.0613
932.5,-1.37435e-008,10.9748,38.2048
933,-1.37596e-008,10.9546,38.347
933.5,-1.37757e-008,10.921,38.4866
934,-1.37917e-008,10.8741,38.6224
934.5,-1.38078e-008,10.8146,38.7532
935,-1.38239e-008,10.7428,38.8776
935.5,-1.384e-008,10.6596,38.9946
936,-1.38561e-008,10.5655,39.1032
936.5,-1.38722e-008,10.4615,39.2023
937,-1.38884e-008,10.3485,39.291
937.5,-1.39045e-008,10.2276,39.3685
938,-1.39206e-008,10.0998,39.4341
938.5,-1.39368e-008,9.9664,39.4873
939,-1.3953e-008,9.8285,39.5275
939.5,-1.39691e-008,9.6874,39.5543
940,-1.39853e-008,9.54439,39.5676
940.5,-1.40015e-008,9.40076,39.5672
941,-1.40177e-008,9.25783,39.553
941.5,-1.40339e-008,9.1169,39.5253
942,-1.40502e-008,8.97925,39.4843
942.5,-1.40664e-008,8.84615,39.4304
943,-1.40826e-008,8.7188,39.364
943.5,-1.40989e-008,8.59836,39.2857
944,-1.41151e-008,8.48594,39.1963
944.5,-1.41314e-008,8.38256,39.0966
945,-1.41477e-008,8.28916,38.9875
945.5,-1.4164e-008,8.20659,38.87
946,-1.41803e-008,8.13561,38.7452
946.5,-1.41966e-008,8.07687,38.6141
947,-1.42129e-008,8.03089,38.4781
947.5,-1.42292e-008,7.99809,38.3383
948,-1.42456e-008,7.97879,38.196
948.5,-1.42619e-008,7.97315,38.0525
949,-1.42783e-008,7.98122,37.9091
949.5,-1.42946e-008,8.00293,37.7671
950,-1.4311e-008,8.03808,37.6279
950.5,-1.43274e-008,8.08635,37.4926
951,-1.43438e-008,8.1473,37.3626
951.5,-1.43602e-008,8.22038,37.239
952,-1.43766e-008,8.30492,37.1229
952.5,-1.4393e-008,8.40014,37.0154
953,-1.44094e-008,8.50518,36.9175
953.5,-1.44259e-008,8.61908,36.83
954,-1.44423e-008,8.74081,36.7539
954.5,-1.44588e-008,8.86924,36.6896
955,-1.44752e-008,9.00322,36.638
955.5,-1.44917e-008,9.14151,36.5993
956,-1.45082e-008,9.28285,36.574
956.5,-1.45247e-008,9.42597,36.5623
957,-1.45412e-008,9.56955,36.5643
957.5,-1.45577e-008,9.71228,36.58
958,-1.45742e-008,9.85286,36.6092
958.5,-1.45907e-008,9.99001,36.6518
959,-1.46073e-008,10.1225,36.7072
959.5,-1.46238e-008,10.2491,36.7749
960,-1.46404e-008,10.3686,36.8545
960.5,-1.4657e-008,10.48,36.9451
961,-1.46735e-008,10.5822,37.0459
961.5,-1.46901e-008,10.6744,37.156
962,-1.47067e-008,10.7556,37.2744
962.5,-1.47233e-008,10.8252,37.4
963,-1.47399e-008,10.8825,37.5316
963.5,-1.47566e-008,10.927,37.6682
964,-1.47732e-008,10.9582,37.8083
964.5,-1.47899e-008,10.9759,37.9508
965,-1.48065e-008,10.98,38.0943
965.5,-1.48232e-008,10.9703,38.2375
966,-1.48398e-008,10.947,38.3792
966.5,-1.48565e-008,10.9103,38.518
967,-1.48732e-008,10.8606,38.6527
967.5,-1.48899e-008,10.7982,38.782
968,-1.49066e-008,10.7237,38.9048
968.5,-1.49233e-008,10.6379,39.0199
969,-1.49401e-008,10.5415,39.1263
969.5,-1.49568e-008,10.4354,39.223
970,-1.49736e-008,10.3206,39.3091
970.5,-1.49903e-008,10.198,39.3839
971,-1.50071e-008,10.0689,39.4467
971.5,-1.50238e-008,9.93441,39.4969
972,-1.50406e-008,9.79573,39.534
972.5,-1.50574e-008,9.65413,39.5577
973,-1.50742e-008,9.51093,39.5678
973.5,-1.5091e-008,9.36741,39.5641
974,-1.51079e-008,9.2249,39.5468
974.5,-1.51247e-008,9.08469,39.516
975,-1.51415e-008,8.94805,39.472
975.5,-1.51584e-008,8.81625,39.4151
976,-1.51752e-008,8.69047,39.3459
976.5,-1.51921e-008,8.57187,39.265
977,-1.5209e-008,8.46152,39.1732
977.5,-1.52259e-008,8.36044,39.0713
978,-1.52428e-008,8.26954,38.9602
978.5,-1.52597e-008,8.18966,38.8409
979,-1.52766e-008,8.12153,38.7145
979.5,-1.52935e-008,8.06575,38.5823
980,-1.53105e-008,8.02285,38.4453
980.5,-1.53274e-008,7.99322,38.3048
981,-1.53444e-008,7.97712,38.1622
981.5,-1.53613e-008,7.9747,38.0187
982,-1.53783e-008,7.98599,37.8756
982.5,-1.53953e-008,8.01087,37.7342
983,-1.54123e-008,8.04913,37.5958
983.5,-1.54293e-008,8.10042,37.4618
984,-1.54463e-008,8.16426,37.3332
984.5,-1.54633e-008,8.24007,37.2113
985,-1.54803e-008,8.32717,37.0972
985.5,-1.54974e-008,8.42475,36.992
986,-1.55144e-008,8.53193,36.8965
986.5,-1.55315e-008,8.64773,36.8117
987,-1.55485e-008,8.77109,36.7383
987.5,-1.55656e-008,8.90089,36.677
988,-1.55827e-008,9.03594,36.6284
988.5,-1.55998e-008,9.17502,36.5929
989,-1.56169e-008,9.31684,36.5708
989.5,-1.5634e-008,9.46013,36.5624
990,-1.56511e-008,9.60356,36.5676
990.5,-1.56682e-008,9.74584,36.5866
991,-1.56854e-008,9.88567,36.619
991.5,-1.57025e-008,10.0218,36.6646
992,-1.57197e-008,10.1529,36.723
992.5,-1.57369e-008,10.2778,36.7936
993,-1.5754e-008,10.3955,36.8758
993.5,-1.57712e-008,10.5047,36.9689
994,-1.57884e-008,10.6046,37.0719
994.5,-1.58056e-008,10.6942,37.1841
995,-1.58228e-008,10.7727,37.3042
995.5,-1.58401e-008,10.8394,37.4313
996,-1.58573e-008,10.8936,37.5642
996.5,-1.58745e-008,10.9349,37.7017
997,-1.58918e-008,10.9629,37.8424
997.5,-1.59091e-008,10.9774,37.9852
998,-1.59263e-008,10.9781,38.1287
998.5,-1.59436e-008,10.9652,38.2717
999,-1.59609e-008,10.9387,38.4127
999.5,-1.59782e-008,10.8988,38.5506
1000,-1.59955e-008,10.846,38.684
1000.5,-1.60128e-008,10.7807,38.8118
