0.246559,-0.0414741,20.2465,19.9585
0.482827,-0.123274,20.4828,19.8767
0.702258,-0.243134,20.7022,19.7569
0.898773,-0.397734,20.8986,19.6023
1.06693,-0.582793,21.0667,19.4172
1.20206,-0.793187,21.2018,19.2069
1.30044,-1.02309,21.3001,18.977
1.35932,-1.26613,21.3589,18.734
1.37709,-1.51559,21.3766,18.4846
1.35324,-1.76456,21.3527,18.2358
1.28844,-2.00614,21.2878,17.9944
1.18447,-2.23365,21.1838,17.767
1.0442,-2.4408,21.0435,17.5601
0.871519,-2.62185,20.8708,17.3794
0.671191,-2.7718,20.6705,17.2297
0.448751,-2.88649,20.4482,17.1154
0.210341,-2.96275,20.2099,17.0396
-0.0374561,-2.99847,19.9624,17.0043
-0.287803,-2.99265,19.7125,17.0105
-0.533793,-2.94545,19.4671,17.0582
-0.768644,-2.85816,19.233,17.1459
-0.985882,-2.73316,19.0167,17.2712
-1.17952,-2.5739,18.8241,17.4307
-1.34423,-2.38473,18.6607,17.6199
-1.47547,-2.17084,18.531,17.8335
-1.56962,-1.93808,18.4384,18.0658
-1.62408,-1.69284,18.3857,18.3102
-1.63734,-1.44181,18.3743,18.5599
-1.60902,-1.19185,18.4045,18.8081
-1.53985,-0.949778,18.4754,19.0478
-1.43168,-0.722197,18.5851,19.2725
-1.28742,-0.515302,18.7305,19.4758
-1.11096,-0.334724,18.9077,19.6522
-0.907025,-0.185375,19.1116,19.7968
-0.681092,-0.0713203,19.3367,19.9055
-0.439214,0.00432752,19.5768,19.9754
-0.187858,0.0394883,19.8251,20.0045
0.0662665,0.033164,20.0748,19.992
0.316393,-0.0145405,20.3189,19.9382
0.555873,-0.102427,20.5508,19.8447
0.778355,-0.22824,20.7639,19.714
0.97795,-0.388739,20.9524,19.5498
1.14938,-0.579784,21.1111,19.3566
1.28811,-0.796453,21.2355,19.1397
1.39047,-1.03318,21.3222,18.9052
1.45373,-1.28389,21.3688,18.6596
1.47618,-1.54218,21.3741,18.4097
1.45713,-1.80148,21.3378,18.1623
1.39697,-2.05521,21.261,17.9244
1.2971,-2.29696,21.1457,17.7025
1.15991,-2.52062,20.9953,17.5028
0.988713,-2.7206,20.8139,17.3308
0.787633,-2.89189,20.6064,17.1912
0.561512,-3.03019,20.3786,17.088
0.315774,-3.13204,20.1369,17.024
0.0562877,-3.19488,19.8879,17.001
-0.21078,-3.21707,19.6386,17.0196
-0.479115,-3.19797,19.3957,17.0792
-0.74241,-3.13788,19.1661,17.1783
-0.994511,-3.03808,18.9561,17.3141
-1.22956,-2.90074,18.7715,17.4829
-1.44212,-2.72889,18.6174,17.6799
-1.62731,-2.5263,18.4982,17.8997
-1.78088,-2.29742,18.4169,18.1363
-1.89931,-2.04725,18.376,18.3831
-1.9799,-1.78122,18.3766,18.6332
-2.02077,-1.50506,18.4186,18.8798
-2.02091,-1.22468,18.5009,19.1161
-1.98019,-0.946039,18.6212,19.3355
-1.89935,-0.675005,18.7762,19.532
-1.77994,-0.417239,18.9616,19.7001
-1.6243,-0.178083,19.1723,19.8352
-1.43549,0.0375446,19.4025,19.9335
-1.2172,0.225245,19.6458,19.9924
-0.973688,0.381211,19.8955,20.0102
-0.709648,0.502298,20.1448,19.9865
-0.430137,0.586064,20.3868,19.9218
-0.140458,0.630807,20.6147,19.818
0.153951,0.635581,20.8224,19.678
0.447617,0.600192,21.0041,19.5054
0.73514,0.525192,21.1549,19.3052
1.01129,0.411842,21.2705,19.0828
1.27111,0.262081,21.3478,18.8443
1.50996,0.0784649,21.3847,18.5962
1.72365,-0.135886,21.3801,18.3454
1.90847,-0.377364,21.3342,18.0988
2.06122,-0.641943,21.2482,17.863
2.1793,-0.925265,21.1245,17.6445
2.26071,-1.22272,20.9665,17.4494
2.30406,-1.52952,20.7784,17.2829
2.30861,-1.84081,20.5654,17.1495
2.2742,-2.15173,20.3332,17.053
2.20133,-2.45747,20.0883,16.996
2.09103,-2.7534,19.8372,16.98
1.94489,-3.0351,19.5868,17.0055
1.76503,-3.2984,19.3439,17.0717
1.55398,-3.53951,19.115,17.177
1.31472,-3.75497,18.9064,17.3184
1.05054,-3.94176,18.7236,17.4922
0.765044,-4.09731,18.5717,17.6936
0.462045,-4.21952,18.4547,17.9173
0.145531,-4.30674,18.3758,18.1573
-0.180407,-4.35784,18.3371,18.407
-0.511635,-4.37216,18.3396,18.6599
-0.844026,-4.34951,18.3834,18.9092
-1.17352,-4.29018,18.4672,19.1482
-1.49618,-4.19487,18.5889,19.3705
-1.80821,-4.06473,18.7451,19.5702
-2.10604,-3.90126,18.9319,19.7421
-2.38631,-3.70632,19.1442,19.8815
-2.64596,-3.48209,19.3764,19.9848
-2.8822,-3.23101,19.6225,20.0492
-3.09256,-2.95577,19.876,20.0731
-3.2749,-2.65924,20.1302,20.0557
-3.42741,-2.34445,20.3786,19.9976
-3.54865,-2.01454,20.6145,19.9002
-3.63748,-1.67272,20.832,19.766
-3.69315,-1.32224,21.0253,19.5986
-3.71521,-0.966359,21.1895,19.4021
-3.70353,-0.608286,21.3203,19.1817
-3.65831,-0.251176,21.4143,18.943
-3.58003,0.101908,21.4691,18.6922
-3.46943,0.448021,21.4833,18.4355
-3.32753,0.784358,21.4566,18.1796
-3.15555,1.10827,21.3896,17.9308
-2.95494,1.41728,21.284,17.6955
-2.72732,1.70911,21.1423,17.4797
-2.47448,1.98167,20.9682,17.2886
-2.19834,2.23307,20.766,17.127
-1.90092,2.46164,20.5407,16.9991
-1.58437,2.66592,20.2978,16.9079
-1.25087,2.84467,20.0434,16.8558
-0.902668,2.99685,19.7836,16.8439
-0.542029,3.12162,19.5248,16.8727
-0.171233,3.21837,19.2733,16.9413
0.207447,3.28666,19.0352,17.0482
0.591761,3.32626,18.8162,17.1908
0.979501,3.33708,18.6215,17.3657
1.3685,3.31925,18.4558,17.5687
1.75667,3.27302,18.323,17.795
2.14198,3.19881,18.2263,18.0392
2.52248,3.09716,18.1679,18.2957
2.89631,2.96875,18.1492,18.5584
3.2617,2.81437,18.1705,18.8212
3.617,2.63491,18.2315,19.0781
3.96063,2.43136,18.3307,19.3232
4.29114,2.20477,18.4659,19.5508
4.60716,1.95629,18.6338,19.7558
4.90746,1.68712,18.8308,19.9335
5.19089,1.39852,19.0524,20.0801
5.45642,1.09176,19.2936,20.1922
5.70313,0.768188,19.5491,20.2673
5.93019,0.429154,19.8131,20.3039
6.13688,0.0760315,20.08,20.3011
6.32259,-0.289792,20.3438,20.259
6.48678,-0.666925,20.5989,20.1786
6.62903,-1.05398,20.8398,20.0616
6.74899,-1.44956,21.0612,19.9107
6.84642,-1.8523,21.2586,19.729
6.92114,-2.26084,21.4277,19.5204
6.97306,-2.67384,21.565,19.2894
7.00217,-3.08998,21.6678,19.0408
7.00852,-3.50797,21.7338,18.7797
6.99224,-3.92656,21.7619,18.5117
6.95352,-4.3445,21.7514,18.2423
6.8926,-4.76061,21.7027,17.9768
6.80981,-5.17373,21.6168,17.7207
6.70549,-5.58274,21.4954,17.4792
6.58006,-5.98656,21.3412,17.257
6.43398,-6.38415,21.1572,17.0586
6.26774,-6.7745,20.9471,16.8877
6.0819,-7.15667,20.7152,16.7477
5.87702,-7.52974,20.4658,16.6413
5.65372,-7.89284,20.204,16.5704
5.41264,-8.24514,19.9348,16.5364
5.15446,-8.58586,19.6634,16.5397
4.87987,-8.91427,19.3949,16.5802
4.58959,-9.22966,19.1343,16.6571
4.28436,-9.53139,18.8866,16.7688
3.96494,-9.81886,18.6563,16.9132
3.6321,-10.0915,18.4476,17.0875
3.28663,-10.3488,18.2643,17.2883
2.92934,-10.5902,18.1097,17.5121
2.56103,-10.8153,17.9864,17.7545
2.18252,-11.0238,17.8966,18.0113
1.79463,-11.2153,17.8418,18.2777
1.3982,-11.3894,17.8228,18.5491
0.994048,-11.5459,17.8398,18.8205
0.583019,-11.6845,17.8925,19.0874
0.165942,-11.805,17.9797,19.3449
-0.25635,-11.9073,18.0999,19.5888
-0.683028,-11.9913,18.2508,19.8149
-1.11327,-12.0568,18.4297,20.0194
-1.54625,-12.1037,18.6336,20.199
-1.98115,-12.1322,18.8588,20.3507
-2.41717,-12.1421,19.1016,20.4721
-2.85351,-12.1335,19.3579,20.5614
-3.28938,-12.1065,19.6233,20.6172
-3.72401,-12.0612,19.8936,20.6388
-4.15662,-11.9977,20.1642,20.6259
-4.58645,-11.9162,20.4309,20.5791
-5.01278,-11.8169,20.6895,20.499
-5.43486,-11.7,20.9358,20.3873
-5.85199,-11.5657,21.1661,20.2457
-6.26347,-11.4143,21.3768,20.0767
-6.66861,-11.2462,21.5648,19.883
-7.06676,-11.0616,21.7274,19.6677
-7.45726,-10.8609,21.8621,19.4343
-7.83949,-10.6444,21.9671,19.1863
-8.21283,-10.4126,22.041,18.9275
-8.5767,-10.1659,22.0829,18.6619
-8.93053,-9.90465,22.0922,18.3933
-9.27377,-9.62936,22.0691,18.1259
-9.60589,-9.34048,22.0141,17.8634
-9.92639,-9.03851,21.9282,17.6096
-10.2348,-8.72396,21.8127,17.368
-10.5306,-8.39733,21.6695,17.1421
-10.8134,-8.05918,21.5008,16.9348
-11.0828,-7.71003,21.309,16.749
-11.3383,-7.35046,21.097,16.5872
-11.5797,-6.98105,20.8677,16.4513
-11.8066,-6.60236,20.6245,16.343
-12.0186,-6.21501,20.3706,16.2637
-12.2154,-5.81958,20.1096,16.2141
-12.3969,-5.4167,19.8448,16.1949
-12.5627,-5.00698,19.5799,16.2059
-12.7126,-4.59104,19.3181,16.247
-12.8464,-4.16952,19.063,16.3172
-12.964,-3.74304,18.8176,16.4157
-13.0651,-3.31226,18.585,16.5408
-13.1498,-2.87779,18.3681,16.691
-13.2178,-2.4403,18.1693,16.8641
-13.2691,-2.00041,17.991,17.0578
-13.3037,-1.55878,17.8353,17.2698
-13.3215,-1.11604,17.7038,17.4973
-13.3226,-0.672829,17.5979,17.7375
-13.3069,-0.229787,17.5187,17.9874
-13.2745,0.212454,17.4669,18.2442
-13.2254,0.653265,17.443,18.5047
-13.1599,1.09202,17.4469,18.7661
-13.0779,1.52811,17.4785,19.0252
-12.9796,1.96092,17.5372,19.2794
-12.8651,2.38984,17.6221,19.5257
-12.7348,2.81429,17.7321,19.7615
-12.5886,3.23366,17.8659,19.9844
-12.427,3.6474,18.0218,20.1921
-12.25,4.05492,18.198,20.3824
-12.058,4.45568,18.3926,20.5536
-11.8513,4.84913,18.6032,20.704
-11.6302,5.23474,18.8278,20.8321
-11.3949,5.61198,19.0638,20.937
-11.1458,5.98036,19.3088,21.0177
-10.8833,6.33938,19.5604,21.0735
-10.6077,6.68857,19.816,21.1042
-10.3194,7.02745,20.073,21.1097
-10.0189,7.35559,20.3291,21.09
-9.70643,7.67255,20.5818,21.0456
-9.38257,7.97792,20.8288,20.9771
-9.04773,8.2713,21.0678,20.8854
-8.70235,8.55231,21.2967,20.7713
-8.3469,8.82058,21.5135,20.6362
-7.98187,9.07578,21.7164,20.4814
-7.60775,9.31757,21.9037,20.3085
-7.22504,9.54566,22.0739,20.1191
-6.83425,9.75974,22.2257,19.9149
-6.43591,9.95956,22.3579,19.6978
-6.03054,10.1449,22.4695,19.4698
-5.61868,10.3154,22.5599,19.2328
-5.20087,10.471,22.6284,18.9889
-4.77766,10.6115,22.6747,18.74
-4.3496,10.7366,22.6985,18.4882
-3.91726,10.8463,22.7,18.2355
-3.48119,10.9404,22.6791,17.9839
-3.04196,11.0188,22.6364,17.7354
-2.60014,11.0814,22.5722,17.4917
-2.15629,11.1282,22.4872,17.2547
-1.71099,11.159,22.3823,17.026
-1.2648,11.174,22.2583,16.8073
-0.818299,11.1731,22.1164,16.6001
-0.37204,11.1562,21.9576,16.4058
0.0734062,11.1235,21.7832,16.2255
0.51748,11.075,21.5945,16.0605
0.959624,11.0107,21.393,15.9118
1.39929,10.9308,21.1801,15.7803
1.83592,10.8354,20.9573,15.6666
2.26898,10.7246,20.7262,15.5714
2.69793,10.5986,20.4883,15.4952
3.12225,10.4576,20.2452,15.4384
3.54142,10.3016,19.9985,15.401
3.95492,10.131,19.7497,15.3833
4.36225,9.94603,19.5005,15.3851
4.76292,9.74683,19.2522,15.4064
5.15645,9.5337,19.0065,15.4468
5.54236,9.30693,18.7648,15.506
5.92019,9.06679,18.5283,15.5834
6.28949,8.8136,18.2986,15.6786
6.64983,8.54768,18.0768,15.7907
7.00077,8.26937,17.8641,15.9192
7.34191,7.979,17.6616,16.063
7.67284,7.67695,17.4704,16.2214
7.99318,7.36359,17.2915,16.3933
8.30255,7.0393,17.1257,16.5778
8.60059,6.70449,16.9737,16.7738
8.88697,6.35956,16.8364,16.9801
9.16135,6.00493,16.7143,17.1956
9.42341,5.64104,16.6079,17.4192
9.67285,5.26831,16.5176,17.6497
9.90939,4.88721,16.4438,17.8859
10.1328,4.49818,16.3867,18.1265
10.3427,4.1017,16.3465,18.3704
10.539,3.69822,16.3233,18.6163
10.7213,3.28824,16.317,18.8631
10.8896,2.87224,16.3275,19.1097
11.0436,2.4507,16.3548,19.3548
11.1832,2.02412,16.3985,19.5974
11.3081,1.59302,16.4583,19.8364
11.4182,1.15788,16.5338,20.0707
11.5135,0.71922,16.6247,20.2993
11.5938,0.277556,16.7303,20.5213
11.659,-0.166598,16.8502,20.7358
11.709,-0.612726,16.9837,20.9418
11.7438,-1.0603,17.1301,21.1387
11.7634,-1.50882,17.2888,21.3256
11.7677,-1.95773,17.459,21.5018
11.7567,-2.40654,17.6399,21.6667
11.7304,-2.85471,17.8307,21.8197
11.6889,-3.30172,18.0305,21.9603
11.6322,-3.74705,18.2386,22.088
11.5604,-4.19018,18.4541,22.2024
11.4736,-4.6306,18.676,22.3032
11.3717,-5.06779,18.9035,22.3901
11.2551,-5.50125,19.1357,22.4629
11.1237,-5.93045,19.3717,22.5214
10.9778,-6.35492,19.6105,22.5655
10.8175,-6.77413,19.8514,22.5951
10.643,-7.18762,20.0933,22.6103
10.4545,-7.59488,20.3355,22.611
10.2522,-7.99545,20.5771,22.5975
10.0364,-8.38884,20.8173,22.5699
9.8072,-8.7746,21.0552,22.5283
9.56498,-9.15227,21.2901,22.473
9.30999,-9.5214,21.5211,22.4043
9.04253,-9.88156,21.7477,22.3226
8.7629,-10.2323,21.9689,22.2281
8.47142,-10.5732,22.1843,22.1214
8.16844,-10.904,22.3931,22.0028
7.8543,-11.224,22.5947,21.8728
7.52937,-11.5331,22.7885,21.7319
7.19404,-11.8308,22.9741,21.5806
6.84868,-12.1168,23.1508,21.4195
6.49372,-12.3907,23.3183,21.2491
6.12955,-12.6521,23.4761,21.07
5.75662,-12.9009,23.6239,20.8828
5.37536,-13.1366,23.7612,20.6881
4.98622,-13.359,23.8878,20.4866
4.58966,-13.5678,24.0034,20.2787
4.18615,-13.7627,24.1077,20.0653
3.77617,-13.9436,24.2006,19.8469
3.36021,-14.1101,24.2818,19.6241
2.93876,-14.2621,24.3513,19.3977
2.51233,-14.3995,24.409,19.1681
2.08143,-14.5219,24.4547,18.9361
1.64657,-14.6293,24.4886,18.7023
1.20827,-14.7215,24.5105,18.4673
0.767073,-14.7984,24.5206,18.2317
0.323497,-14.8599,24.5188,17.9961
-0.121918,-14.906,24.5053,17.7611
-0.568634,-14.9365,24.4802,17.5272
-1.01611,-14.9514,24.4437,17.2951
-1.4638,-14.9507,24.396,17.0652
-1.91117,-14.9344,24.3372,16.8381
-2.35766,-14.9025,24.2675,16.6142
-2.80274,-14.855,24.1872,16.3942
-3.24586,-14.792,24.0967,16.1784
-3.68647,-14.7135,23.9961,15.9673
-4.12405,-14.6197,23.8857,15.7613
-4.55805,-14.5107,23.7659,15.5608
-4.98793,-14.3865,23.6371,15.3663
-5.41319,-14.2473,23.4995,15.1781
-5.83327,-14.0934,23.3535,14.9965
-6.24768,-13.9248,23.1994,14.8219
-6.65591,-13.7417,23.0378,14.6545
-7.05743,-13.5445,22.8689,14.4947
-7.45177,-13.3333,22.6931,14.3428
-7.83843,-13.1084,22.5108,14.1988
-8.21693,-12.8701,22.3225,14.0632
-8.58681,-12.6186,22.1286,13.936
-8.9476,-12.3543,21.9294,13.8175
-9.29887,-12.0775,21.7253,13.7077
-9.64016,-11.7885,21.5169,13.607
-9.97107,-11.4876,21.3044,13.5152
-10.2912,-11.1754,21.0884,13.4327
-10.6001,-10.852,20.8691,13.3593
-10.8974,-10.518,20.6471,13.2953
-11.1827,-10.1737,20.4228,13.2406
-11.4558,-9.81963,20.1964,13.1952
-11.7162,-9.45614,19.9685,13.1592
-11.9636,-9.0837,19.7394,13.1326
-12.1978,-8.70278,19.5095,13.1154
-12.4184,-8.31385,19.2792,13.1074
-12.6251,-7.91739,19.0489,13.1087
-12.8177,-7.5139,18.8188,13.1191
-12.996,-7.10386,18.5895,13.1387
-13.1597,-6.6878,18.3612,13.1672
-13.3087,-6.26623,18.1342,13.2047
-13.4427,-5.83966,17.9089,13.2509
-13.5615,-5.40864,17.6857,13.3058
-13.6652,-4.97369,17.4647,13.3692
-13.7534,-4.53535,17.2464,13.4409
-13.8261,-4.09417,17.0311,13.5209
-13.8832,-3.6507,16.8189,13.6089
-13.9247,-3.20548,16.6103,13.7048
-13.9505,-2.75907,16.4054,13.8084
-13.9605,-2.31202,16.2045,13.9194
-13.9548,-1.86489,16.0078,14.0378
-13.9334,-1.41822,15.8157,14.1632
-13.8962,-0.972564,15.6282,14.2956
-13.8434,-0.528483,15.4457,14.4346
-13.775,-0.0865206,15.2683,14.58
-13.6911,0.352778,15.0962,14.7317
-13.5918,0.788872,14.9296,14.8894
-13.4772,1.22122,14.7687,15.0529
-13.3475,1.6493,14.6137,15.2219
-13.2028,2.07258,14.4646,15.3962
-13.0434,2.49053,14.3217,15.5756
-12.8694,2.90266,14.1851,15.7598
-12.681,3.30844,14.0548,15.9486
-12.4785,3.7074,13.9311,16.1417
-12.2622,4.09903,13.814,16.339
-12.0322,4.48287,13.7037,16.5401
-11.789,4.85844,13.6001,16.7448
-11.5327,5.22529,13.5034,16.9529
-11.2637,5.58297,13.4137,17.1641
-10.9824,5.93105,13.331,17.3782
-10.6891,6.26912,13.2554,17.5949
-10.3841,6.59676,13.187,17.814
-10.0678,6.91357,13.1257,18.0352
-9.74072,7.21919,13.0716,18.2584
-9.40312,7.51324,13.0247,18.4832
-9.05545,7.79537,12.9851,18.7095
-8.69815,8.06524,12.9527,18.9369
-8.33165,8.32254,12.9276,19.1653
-7.95639,8.56695,12.9098,19.3945
-7.57284,8.7982,12.8992,19.6241
-7.18146,9.01601,12.8958,19.8541
-6.78273,9.22012,12.8996,20.084
-6.37713,9.4103,12.9106,20.3138
-5.96515,9.58632,12.9287,20.5432
-5.54728,9.74799,12.9539,20.772
-5.12404,9.89511,12.9861,21
-4.69593,10.0275,13.0254,21.2269
-4.26346,10.1451,13.0716,21.4526
-3.82716,10.2476,13.1247,21.6768
-3.38755,10.335,13.1845,21.8994
-2.94514,10.4073,13.2511,22.1201
-2.50047,10.4642,13.3244,22.3387
-2.05407,10.5058,13.4042,22.5552
-1.60646,10.532,13.4905,22.7691
-1.15819,10.5428,13.5831,22.9805
-0.709768,10.5382,13.6821,23.1891
-0.261737,10.5182,13.7872,23.3947
0.185378,10.4829,13.8984,23.5971
0.63105,10.4322,14.0156,23.7962
1.07476,10.3663,14.1386,23.9919
1.51597,10.2852,14.2674,24.1838
1.95419,10.189,14.4018,24.372
2.38889,10.0779,14.5416,24.5561
2.81956,9.95199,14.6868,24.7362
3.2457,9.81143,14.8372,24.912
3.66682,9.65638,14.9927,25.0833
4.08243,9.48704,15.1532,25.2501
4.49204,9.3036,15.3184,25.4122
4.89517,9.1063,15.4882,25.5695
5.29136,8.89535,15.6626,25.7219
5.68016,8.67101,15.8413,25.8691
6.0611,8.43355,16.0242,26.0112
6.43375,8.18324,16.2111,26.148
6.79767,7.92038,16.4019,26.2794
7.15246,7.64528,16.5964,26.4052
7.49768,7.35826,16.7944,26.5255
7.83296,7.05966,16.9957,26.6401
8.15789,6.74982,17.2003,26.7488
8.47211,6.42911,17.4078,26.8517
8.77524,6.09789,17.6182,26.9487
9.06695,5.75656,17.8313,27.0396
9.34688,5.4055,18.0469,27.1244
9.61473,5.04513,18.2647,27.2031
9.87017,4.67586,18.4847,27.2755
10.1129,4.29813,18.7066,27.3417
10.3427,3.91237,18.9303,27.4016
10.5592,3.51902,19.1555,27.4551
10.7622,3.11854,19.3821,27.5023
10.9515,2.7114,19.6099,27.543
11.1268,2.29806,19.8387,27.5773
11.288,1.87901,20.0684,27.6051
11.4348,1.45473,20.2987,27.6264
11.567,1.02572,20.5294,27.6413
11.6846,0.592459,20.7604,27.6497
11.7874,0.155465,20.9915,27.6516
11.8752,-0.28476,21.2225,27.647
11.948,-0.727704,21.4532,27.6359
12.0056,-1.17285,21.6834,27.6184
12.048,-1.61968,21.913,27.5945
12.0752,-2.06768,22.1417,27.5642
12.087,-2.51632,22.3694,27.5276
12.0835,-2.96508,22.5959,27.4846
12.0647,-3.41343,22.821,27.4353
12.0305,-3.86085,23.0446,27.3799
11.9811,-4.30681,23.2665,27.3182
11.9165,-4.75079,23.4865,27.2505
11.8367,-5.19227,23.7044,27.1767
11.7418,-5.63073,23.9201,27.097
11.632,-6.06565,24.1334,27.0113
11.5073,-6.49651,24.3442,26.9198
11.368,-6.92281,24.5522,26.8226
11.214,-7.34403,24.7574,26.7198
11.0457,-7.75969,24.9596,26.6114
10.8632,-8.16928,25.1587,26.4975
10.6668,-8.57232,25.3544,26.3783
10.4566,-8.96831,25.5467,26.2538
10.2329,-9.3568,25.7354,26.1242
9.99592,-9.7373,25.9205,25.9896
9.746,-10.1094,26.1016,25.85
9.4834,-10.4726,26.2789,25.7056
9.20842,-10.8264,26.452,25.5565
8.92139,-11.1705,26.6209,25.4029
8.62265,-11.5044,26.7855,25.2448
8.31254,-11.8278,26.9457,25.0825
7.99144,-12.1402,27.1014,24.9159
7.65972,-12.4412,27.2524,24.7454
7.31778,-12.7305,27.3987,24.5709
6.96602,-13.0077,27.5402,24.3927
6.60487,-13.2724,27.6768,24.2108
6.23475,-13.5244,27.8085,24.0255
5.85611,-13.7634,27.935,23.8368
5.46941,-13.9889,28.0565,23.645
5.07511,-14.2009,28.1727,23.4501
4.67368,-14.3989,28.2837,23.2523
4.26562,-14.5827,28.3893,23.0517
3.85141,-14.7521,28.4896,22.8486
3.43157,-14.907,28.5845,22.643
3.0066,-15.0469,28.6739,22.4351
2.57702,-15.1719,28.7577,22.2251
2.14336,-15.2818,28.8361,22.0131
1.70615,-15.3763,28.9088,21.7992
1.26593,-15.4554,28.976,21.5836
0.823233,-15.519,29.0375,21.3665
0.378616,-15.5669,29.0934,21.148
-0.0673735,-15.5992,29.1437,20.9282
-0.514184,-15.6157,29.1882,20.7074
-0.96126,-15.6164,29.2271,20.4856
-1.40804,-15.6013,29.2604,20.263
-1.85398,-15.5705,29.2879,20.0397
-2.29851,-15.5239,29.3098,19.816
-2.74109,-15.4617,29.326,19.5918
-3.18114,-15.3838,29.3366,19.3674
-3.61813,-15.2904,29.3416,19.143
-4.05149,-15.1816,29.341,18.9186
-4.4807,-15.0575,29.3348,18.6944
-4.90519,-14.9182,29.323,18.4705
-5.32445,-14.764,29.3058,18.247
-5.73792,-14.5949,29.283,18.0242
-6.1451,-14.4113,29.2548,17.8021
-6.54547,-14.2134,29.2213,17.5808
-6.93851,-14.0013,29.1823,17.3605
-7.32372,-13.7754,29.1381,17.1413
-7.70062,-13.5359,29.0886,16.9233
-8.06872,-13.2832,29.0338,16.7066
-8.42755,-13.0175,28.974,16.4914
-8.77666,-12.7391,28.909,16.2778
-9.11559,-12.4486,28.839,16.0658
-9.44391,-12.1461,28.764,15.8556
-9.7612,-11.8321,28.6841,15.6474
-10.067,-11.5069,28.5994,15.4411
-10.3611,-11.1711,28.5099,15.2369
-10.6429,-10.8249,28.4157,15.0349
-10.9121,-10.469,28.3168,14.8352
-11.1684,-10.1036,28.2134,14.6379
-11.4115,-9.7293,28.1055,14.443
-11.641,-9.34655,27.9932,14.2508
-11.8566,-8.95584,27.8765,14.0612
-12.0581,-8.55766,27.7556,13.8743
-12.2452,-8.15253,27.6305,13.6902
-12.4177,-7.74096,27.5013,13.5091
-12.5753,-7.32349,27.3681,13.3309
-12.7178,-6.90064,27.2309,13.1558
-12.8451,-6.47296,27.0899,12.9837
-12.9569,-6.041,26.9451,12.8149
-13.0532,-5.6053,26.7967,12.6493
-13.1338,-5.16644,26.6446,12.4871
-13.1986,-4.72497,26.489,12.3282
-13.2476,-4.28145,26.3301,12.1728
-13.2806,-3.83647,26.1677,12.0208
-13.2977,-3.39058,26.0021,11.8724
-13.2987,-2.94436,25.8334,11.7277
-13.2838,-2.49839,25.6616,11.5865
-13.2529,-2.05323,25.4867,11.4491
-13.206,-1.60946,25.309,11.3154
-13.1433,-1.16764,25.1285,11.1856
-13.0648,-0.728336,24.9452,11.0595
-12.9706,-0.292114,24.7593,10.9373
-12.8609,0.140469,24.5709,10.8191
-12.7357,0.568863,24.38,10.7048
-12.5953,0.99252,24.1867,10.5945
-12.4398,1.4109,23.9911,10.4882
-12.2695,1.82347,23.7934,10.3859
-12.0845,2.22971,23.5935,10.2877
-11.8851,2.6291,23.3916,10.1937
-11.6715,3.02114,23.1878,10.1037
-11.4441,3.40532,22.9821,10.018
-11.2031,3.78117,22.7747,9.93636
-10.9489,4.14821,22.5655,9.85897
-10.6817,4.50598,22.3548,9.78579
-10.4019,4.85403,22.1426,9.71685
-10.1099,5.19193,21.929,9.65217
-9.80601,5.51924,21.714,9.59176
-9.49066,5.83557,21.4978,9.53564
-9.16425,6.14052,21.2804,9.48382
-8.8272,6.43371,21.0619,9.43631
-8.47992,6.71479,20.8425,9.39312
-8.12286,6.9834,20.6221,9.35427
-7.75648,7.23922,20.4009,9.31976
-7.38124,7.48193,20.1789,9.28959
-6.99762,7.71123,19.9563,9.26378
-6.60609,7.92686,19.7331,9.24233
-6.20715,8.12856,19.5095,9.22525
-5.8013,8.31607,19.2854,9.21253
-5.38905,8.48918,19.0609,9.20418
-4.97091,8.64769,18.8362,9.2002
-4.54741,8.7914,18.6114,9.2006
-4.11907,8.92016,18.3864,9.20537
-3.68642,9.03381,18.1615,9.2145
-3.25,9.13223,17.9366,9.228
-2.81035,9.21531,17.7119,9.24587
-2.368,9.28296,17.4874,9.26809
-1.9235,9.33512,17.2632,9.29467
-1.47739,9.37172,17.0394,9.3256
-1.03022,9.39274,16.8161,9.36087
-0.582523,9.39817,16.5934,9.40048
-0.13485,9.38801,16.3713,9.44441
0.312261,9.3623,16.15,9.49265
0.758274,9.32107,15.9294,9.54521
1.20265,9.2644,15.7097,9.60205
1.64487,9.19236,15.491,9.66318
2.08439,9.10505,15.2734,9.72858
2.5207,9.0026,15.0569,9.79823
2.95327,8.88514,14.8416,9.87213
3.38162,8.75283,14.6276,9.95024
3.80522,8.60584,14.4149,10.0326
4.22358,8.44435,14.2038,10.1191
4.63622,8.26857,13.9942,10.2098
5.04266,8.07873,13.7862,10.3046
5.44242,7.87506,13.5799,10.4036
5.83506,7.65781,13.3755,10.5066
6.22011,7.42725,13.1729,10.6138
6.59715,7.18367,12.9724,10.725
6.96573,6.92736,12.7739,10.8402
7.32544,6.65862,12.5775,10.9595
7.67588,6.37779,12.3834,11.0826
8.01665,6.0852,12.1916,11.2098
8.34737,5.7812,12.0023,11.3408
8.66767,5.46615,11.8155,11.4757
8.97719,5.14041,11.6313,11.6144
9.27558,4.80438,11.4498,11.7569
9.56251,4.45845,11.2711,11.9032
9.83767,4.10301,11.0953,12.0531
10.1008,3.73848,10.9225,12.2067
10.3515,3.36528,10.7528,12.3638
10.5895,2.98383,10.5863,12.5245
10.8147,2.59459,10.423,12.6887
11.0266,2.19799,10.2632,12.8563
11.2252,1.79447,10.1067,13.0272
11.4102,1.38451,9.95387,13.2015
11.5814,0.968571,9.80465,13.3789
11.7385,0.547114,9.65917,13.5595
11.8815,0.120621,9.51751,13.7432
12.0101,-0.310428,9.37976,13.9299
12.1243,-0.745548,9.24601,14.1195
12.2239,-1.18425,9.11635,14.312
12.3087,-1.62604,8.99085,14.5073
12.3787,-2.07042,8.8696,14.7052
12.4339,-2.51689,8.75269,14.9057
12.4741,-2.96495,8.64018,15.1087
12.4993,-3.4141,8.53215,15.3141
12.5094,-3.86384,8.42869,15.5219
12.5046,-4.31365,8.32985,15.7318
12.4846,-4.76304,8.23572,15.9439
12.4497,-5.2115,8.14635,16.158
12.3998,-5.65852,8.06181,16.374
12.3349,-6.1036,7.98217,16.5918
12.2552,-6.54624,7.90747,16.8113
12.1607,-6.98594,7.83779,17.0323
12.0515,-7.4222,7.77317,17.2549
11.9278,-7.85452,7.71366,17.4787
11.7896,-8.28243,7.65931,17.7038
11.6372,-8.70543,7.61016,17.9301
11.4706,-9.12304,7.56626,18.1573
11.2902,-9.53479,7.52764,18.3853
11.0959,-9.9402,7.49433,18.6142
10.8882,-10.3388,7.46636,18.8436
10.6672,-10.7302,7.44377,19.0735
10.4331,-11.1138,7.42657,19.3038
10.1862,-11.4893,7.41478,19.5344
9.92683,-11.8562,7.40843,19.765
9.65522,-12.2142,7.40751,19.9956
9.37169,-12.5627,7.41204,20.226
9.07656,-12.9013,7.42202,20.4562
8.77015,-13.2297,7.43745,20.6859
8.45281,-13.5476,7.45833,20.9151
8.1249,-13.8544,7.48465,21.1436
7.7868,-14.1499,7.51639,21.3712
7.43887,-14.4337,7.55355,21.598
7.08153,-14.7055,7.5961,21.8236
6.71518,-14.9648,7.64402,22.048
6.34024,-15.2116,7.69728,22.2711
5.95714,-15.4453,7.75586,22.4927
5.56632,-15.6658,7.8197,22.7126
5.16823,-15.8728,7.88879,22.9309
4.76333,-16.066,7.96306,23.1473
4.3521,-16.2453,8.04249,23.3617
3.93501,-16.4102,8.12701,23.574
3.51254,-16.5608,8.21658,23.7841
3.08521,-16.6967,8.31113,23.9918
2.6535,-16.8178,8.41061,24.197
2.21793,-16.9239,8.51495,24.3997
1.77901,-17.015,8.62409,24.5996
1.33726,-17.0909,8.73795,24.7967
0.893201,-17.1514,8.85647,24.9909
0.44737,-17.1965,8.97956,25.1821
0.000295946,-17.2262,9.10714,25.3701
-0.447485,-17.2403,9.23914,25.5548
-0.895435,-17.239,9.37547,25.7363
-1.34301,-17.222,9.51604,25.9142
-1.78968,-17.1895,9.66076,26.0886
-2.2349,-17.1415,9.80954,26.2594
-2.67812,-17.0781,9.96229,26.4265
-3.11881,-16.9992,10.1189,26.5897
-3.55643,-16.905,10.2793,26.7491
-3.99045,-16.7956,10.4433,26.9045
-4.42032,-16.6711,10.6109,27.0558
-4.84553,-16.5316,10.782,27.203
-5.26555,-16.3774,10.9565,27.346
-5.67986,-16.2085,11.1341,27.4847
-6.08794,-16.0252,11.3149,27.6191
-6.48929,-15.8277,11.4988,27.7491
-6.88341,-15.6163,11.6856,27.8746
-7.2698,-15.3911,11.8751,27.9957
-7.64799,-15.1525,12.0674,28.1121
-8.0175,-14.9008,12.2622,28.224
-8.37786,-14.6362,12.4595,28.3312
-8.72863,-14.359,12.6592,28.4337
-9.06935,-14.0697,12.8611,28.5314
-9.3996,-13.7685,13.0651,28.6244
-9.71896,-13.4559,13.2711,28.7126
-10.027,-13.1322,13.479,28.796
-10.3234,-12.7978,13.6887,28.8745
-10.6077,-12.4531,13.9,28.9481
-10.8796,-12.0986,14.1129,29.0168
-11.1387,-11.7346,14.3271,29.0805
-11.3846,-11.3618,14.5427,29.1394
-11.6172,-10.9804,14.7595,29.1933
-11.836,-10.5911,14.9774,29.2422
-12.0408,-10.1942,15.1962,29.2862
-12.2314,-9.79033,15.4159,29.3252
-12.4074,-9.37995,15.6364,29.3593
-12.5686,-8.96357,15.8574,29.3884
-12.7149,-8.54174,16.079,29.4125
-12.8461,-8.11497,16.301,29.4317
-12.9619,-7.68382,16.5233,29.4459
-13.0622,-7.24883,16.7458,29.4552
-13.1469,-6.81056,16.9683,29.4597
-13.2159,-6.36956,17.1909,29.4592
-13.2691,-5.92639,17.4133,29.4538
-13.3064,-5.48162,17.6355,29.4436
-13.3278,-5.03582,17.8574,29.4286
-13.3331,-4.58956,18.0789,29.4088
-13.3225,-4.1434,18.2998,29.3842
-13.296,-3.69793,18.5201,29.3548
-13.2535,-3.2537,18.7397,29.3208
-13.1951,-2.8113,18.9585,29.282
-13.1208,-2.37128,19.1764,29.2386
-13.0309,-1.93421,19.3933,29.1906
-12.9254,-1.50065,19.6091,29.1381
-12.8043,-1.07117,19.8237,29.081
-12.668,-0.646302,20.037,29.0194
-12.5165,-0.226601,20.249,28.9534
-12.3501,0.187396,20.4596,28.883
-12.1689,0.595157,20.6686,28.8082
-11.9732,0.996159,20.8761,28.7291
-11.7633,1.38989,21.0819,28.6458
-11.5394,1.77584,21.2859,28.5582
-11.3018,2.15351,21.4881,28.4665
-11.0508,2.52243,21.6884,28.3707
-10.7867,2.88212,21.8867,28.2708
-10.5099,3.23211,22.0829,28.1669
-10.2207,3.57197,22.277,28.059
-9.91955,3.90126,22.469,27.9473
-9.60677,4.21955,22.6586,27.8317
-9.28278,4.52645,22.846,27.7123
-8.94801,4.82155,23.0309,27.5892
-8.60287,5.1045,23.2134,27.4624
-8.24781,5.37492,23.3933,27.332
-7.8833,5.63247,23.5707,27.1981
-7.50979,5.87683,23.7455,27.0606
-7.12777,6.10769,23.9175,26.9197
-6.73772,6.32476,24.0868,26.7755
-6.34015,6.52776,24.2533,26.6279
-5.93557,6.71645,24.4169,26.4771
-5.52448,6.89058,24.5775,26.3231
-5.10743,7.04994,24.7352,26.1659
-4.68493,7.19434,24.8899,26.0057
-4.25753,7.32358,25.0415,25.8425
-3.82577,7.43753,25.19,25.6764
-3.39019,7.53603,25.3353,25.5074
-2.95137,7.61898,25.4774,25.3356
-2.50984,7.68626,25.6162,25.161
-2.06616,7.73781,25.7517,24.9838
-1.62091,7.77356,25.8838,24.8039
-1.17464,7.79347,26.0126,24.6216
-0.727905,7.79754,26.1379,24.4367
-0.281279,7.78575,26.2597,24.2494
0.164681,7.75814,26.378,24.0598
0.609417,7.71474,26.4928,23.8679
1.05237,7.65562,26.6039,23.6738
1.49299,7.58086,26.7115,23.4776
1.93072,7.49056,26.8153,23.2793
2.36503,7.38484,26.9155,23.079
2.79536,7.26384,27.0119,22.8768
3.2212,7.12772,27.1045,22.6727
3.642,6.97666,27.1933,22.4668
4.05725,6.81085,27.2783,22.2593
4.46644,6.6305,27.3595,22.05
4.86906,6.43585,27.4367,21.8392
5.26462,6.22715,27.51,21.6269
5.65263,6.00465,27.5794,21.4132
6.03263,5.76865,27.6447,21.1981
6.40414,5.51944,27.7061,20.9818
6.76671,5.25733,27.7634,20.7642
7.11991,4.98266,27.8167,20.5456
7.4633,4.69577,27.8659,20.3258
7.79647,4.39701,27.911,20.1051
8.11901,4.08676,27.9519,19.8835
8.43055,3.7654,27.9888,19.6611
8.73069,3.43333,28.0214,19.438
9.01909,3.09096,28.0499,19.2141
9.29539,2.73872,28.0742,18.9897
9.55927,2.37704,28.0943,18.7648
9.81042,2.00635,28.1101,18.5395
10.0485,1.62713,28.1217,18.3138
10.2733,1.23982,28.1291,18.0878
10.4845,0.8449,28.1322,17.8617
10.6819,0.442856,28.131,17.6355
10.8652,0.0341741,28.1255,17.4093
11.0342,-0.38065,28.1157,17.1831
11.1888,-0.801114,28.1017,16.9571
11.3287,-1.22671,28.0833,16.7313
11.4537,-1.65692,28.0606,16.5058
11.5638,-2.09123,28.0337,16.2808
11.6589,-2.52912,28.0024,16.0562
11.7387,-2.97005,27.9668,15.8323
11.8032,-3.4135,27.9269,15.609
11.8523,-3.85894,27.8827,15.3864
11.8861,-4.30584,27.8343,15.1647
11.9044,-4.75365,27.7815,14.9439
11.9072,-5.20185,27.7245,14.7241
11.8945,-5.64989,27.6632,14.5055
11.8664,-6.09725,27.5977,14.288
11.8229,-6.54339,27.5279,14.0718
11.764,-6.98777,27.454,13.857
11.6899,-7.42988,27.3758,13.6436
11.6005,-7.86918,27.2934,13.4318
11.4961,-8.30515,27.2069,13.2216
11.3767,-8.73728,27.1163,13.0131
11.2425,-9.16505,27.0216,12.8064
11.0936,-9.58795,26.9228,12.6016
10.9302,-10.0055,26.8199,12.3989
10.7526,-10.4171,26.7131,12.1981
10.5609,-10.8224,26.6022,11.9996
10.3554,-11.2209,26.4875,11.8032
10.1363,-11.6121,26.3688,11.6093
9.90381,-11.9955,26.2462,11.4177
9.65829,-12.3707,26.1199,11.2286
9.40001,-12.7372,25.9897,11.0421
9.12926,-13.0946,25.8559,10.8582
8.84638,-13.4424,25.7183,10.6771
8.5517,-13.7803,25.5771,10.4989
8.24556,-14.1079,25.4324,10.3235
7.92833,-14.4248,25.2841,10.1511
7.60038,-14.7305,25.1323,9.98182
7.2621,-15.0247,24.9772,9.81565
6.9139,-15.3072,24.8186,9.6527
6.55619,-15.5774,24.6568,9.49304
6.18938,-15.8352,24.4918,9.33674
5.81392,-16.0802,24.3236,9.18389
5.43025,-16.3121,24.1523,9.03454
5.03882,-16.5307,23.978,8.88877
4.6401,-16.7356,23.8008,8.74665
4.23457,-16.9266,23.6207,8.60824
3.82269,-17.1036,23.4377,8.4736
3.40498,-17.2662,23.2521,8.34281
2.98191,-17.4143,23.0637,8.21592
2.55399,-17.5478,22.8729,8.09298
2.12173,-17.6664,22.6795,7.97407
1.68565,-17.77,22.4837,7.85923
1.24627,-17.8585,22.2856,7.74852
0.804102,-17.9317,22.0852,7.64199
0.359682,-17.9897,21.8827,7.53969
-0.0864614,-18.0322,21.6781,7.44167
-0.533796,-18.0593,21.4716,7.34798
-0.981787,-18.0709,21.2631,7.25865
-1.4299,-18.0671,21.0529,7.17374
-1.8776,-18.0477,20.8409,7.09328
-2.32435,-18.0129,20.6274,7.01731
-2.76961,-17.9626,20.4123,6.94586
-3.21285,-17.897,20.1958,6.87898
-3.65354,-17.816,19.9779,6.81668
-4.09115,-17.7199,19.7589,6.759
-4.52516,-17.6086,19.5386,6.70597
-4.95504,-17.4824,19.3174,6.65761
-5.38028,-17.3414,19.0952,6.61395
-5.80037,-17.1857,18.8722,6.57499
-6.21479,-17.0155,18.6484,6.54077
-6.62306,-16.8311,18.4239,6.5113
-7.02468,-16.6327,18.199,6.48659
-7.41916,-16.4204,17.9735,6.46665
-7.80603,-16.1946,17.7478,6.45149
-8.18483,-15.9555,17.5217,6.44111
-8.55509,-15.7034,17.2956,6.43553
-8.91637,-15.4387,17.0694,6.43475
-9.26824,-15.1615,16.8432,6.43876
-9.61027,-14.8723,16.6172,6.44756
-9.94204,-14.5714,16.3914,6.46114
-10.2632,-14.2591,16.1661,6.47951
-10.5732,-13.9359,15.9411,6.50265
-10.8719,-13.6022,15.7167,6.53055
-11.1587,-13.2582,15.493,6.5632
-11.4335,-12.9045,15.27,6.60058
-11.6958,-12.5415,15.0478,6.64267
-11.9453,-12.1696,14.8266,6.68946
-12.1817,-11.7892,14.6065,6.74092
-12.4048,-11.4009,14.3875,6.79704
-12.6143,-11.005,14.1697,6.85778
-12.8098,-10.6021,13.9532,6.92311
-12.9913,-10.1926,13.7382,6.99302
-13.1584,-9.77709,13.5247,7.06746
-13.311,-9.35601,13.3128,7.1464
-13.4488,-8.92988,13.1026,7.22981
-13.5718,-8.49922,12.8942,7.31766
-13.6797,-8.06453,12.6877,7.40989
-13.7725,-7.62636,12.4831,7.50648
-13.85,-7.18522,12.2807,7.60737
-13.9121,-6.74165,12.0803,7.71253
-13.9588,-6.29618,11.8823,7.82191
-13.99,-5.84934,11.6865,7.93546
-14.0057,-5.40169,11.4932,8.05314
-14.0058,-4.95375,11.3023,8.17488
-13.9904,-4.50606,11.114,8.30065
-13.9595,-4.05916,10.9284,8.43038
-13.9131,-3.61359,10.7455,8.56402
-13.8513,-3.16987,10.5655,8.70151
-13.7741,-2.72856,10.3883,8.8428
-13.6817,-2.29016,10.2142,8.98783
-13.5742,-1.85521,10.043,9.13652
-13.4516,-1.42422,9.87504,9.28883
-13.3143,-0.997709,9.71025,9.44468
-13.1622,-0.576187,9.54873,9.60402
-12.9957,-0.160153,9.39056,9.76677
-12.8148,0.249897,9.2358,9.93286
-12.6199,0.653478,9.08453,10.1022
-12.4112,1.05011,8.93681,10.2748
-12.1889,1.43933,8.79272,10.4505
-11.9533,1.82067,8.65231,10.6293
-11.7047,2.19368,8.51565,10.811
-11.4433,2.55793,8.38281,10.9957
-11.1696,2.91299,8.25384,11.1832
-10.8837,3.25844,8.1288,11.3735
-10.5862,3.59388,8.00777,11.5664
-10.2772,3.91892,7.89078,11.7619
-9.95729,4.23317,7.77791,11.9599
-9.62672,4.53628,7.6692,12.1604
-9.28593,4.8279,7.56472,12.3632
-8.9353,5.10768,7.4645,12.5683
-8.57528,5.37531,7.36861,12.7755
-8.20627,5.63048,7.27709,12.9849
-7.82871,5.8729,7.19,13.1962
-7.44306,6.10229,7.10737,13.4094
-7.04976,6.31839,7.02926,13.6245
-6.64928,6.52096,6.95571,13.8412
-6.24209,6.70977,6.88677,14.0596
-5.82867,6.88462,6.82246,14.2796
-5.40949,7.0453,6.76285,14.5009
-4.98506,7.19164,6.70795,14.7237
-4.55585,7.32348,6.65782,14.9476
-4.12237,7.44067,6.61248,15.1727
-3.68512,7.5431,6.57197,15.3989
-3.24461,7.63065,6.53633,15.626
-2.80135,7.70323,6.50557,15.8539
-2.35584,7.76077,6.47974,16.0825
-1.90859,7.80321,6.45885,16.3118
-1.46013,7.83052,6.44294,16.5416
-1.01096,7.84266,6.43202,16.7718
-0.5616,7.83964,6.42612,17.0023
-0.112555,7.82147,6.42526,17.233
0.335662,7.78817,6.42945,17.4638
0.78254,7.7398,6.4387,17.6945
1.22757,7.67642,6.45304,17.9251
1.67026,7.59811,6.47247,18.1554
2.1101,7.50495,6.497,18.3853
2.54659,7.39708,6.52662,18.6147
2.97924,7.27461,6.56136,18.8435
3.40757,7.13769,6.6012,19.0716
3.8311,6.98648,6.64614,19.2987
4.24934,6.82116,6.69618,19.5249
4.66184,6.64191,6.7513,19.75
5.06812,6.44895,6.8115,19.9738
5.46773,6.24249,6.87676,20.1963
5.86022,6.02277,6.94707,20.4173
6.24516,5.79003,7.02239,20.6367
6.62211,5.54456,7.10271,20.8543
6.99066,5.28661,7.188,21.0701
7.35038,5.01648,7.27823,21.2839
7.70088,4.73448,7.37337,21.4955
8.04176,4.44092,7.47337,21.705
8.37264,4.13613,7.5782,21.912
8.69315,3.82046,7.68781,22.1166
9.00292,3.49425,7.80215,22.3186
9.30162,3.15787,7.92117,22.5179
9.58891,2.81171,8.04482,22.7143
9.86445,2.45613,8.17304,22.9077
10.1279,2.09156,8.30576,23.098
10.3791,1.71838,8.44293,23.2852
10.6176,1.33702,8.58447,23.4689
10.8432,0.947904,8.7303,23.6493
11.0556,0.55147,8.88036,23.8261
11.2547,0.14816,9.03457,23.9992
11.4401,-0.261573,9.19284,24.1686
11.6116,-0.677269,9.35508,24.334
11.7691,-1.09846,9.52121,24.4955
11.9124,-1.52468,9.69114,24.6528
12.0412,-1.95544,9.86476,24.806
12.1555,-2.39026,10.042,24.9549
12.2551,-2.82864,10.2227,25.0993
12.34,-3.2701,10.4068,25.2393
12.4098,-3.71413,10.5942,25.3747
12.4647,-4.16023,10.7848,25.5054
12.5046,-4.60788,10.9784,25.6314
12.5293,-5.05659,11.175,25.7525
12.5388,-5.50584,11.3744,25.8688
12.5331,-5.95511,11.5765,25.98
12.5123,-6.4039,11.7812,26.0862
12.4763,-6.85168,11.9883,26.1872
12.4251,-7.29795,12.1978,26.2831
12.3589,-7.74218,12.4094,26.3737
12.2776,-8.18386,12.6231,26.459
12.1814,-8.62248,12.8388,26.539
12.0704,-9.05754,13.0563,26.6135
11.9446,-9.48852,13.2754,26.6825
11.8042,-9.91492,13.496,26.7461
11.6494,-10.3362,13.7181,26.8041
11.4804,-10.752,13.9413,26.8566
11.2972,-11.1617,14.1657,26.9035
11.1002,-11.5648,14.3911,26.9447
10.8895,-11.961,14.6172,26.9803
10.6654,-12.3496,14.8441,27.0103
10.4282,-12.7303,15.0714,27.0345
10.178,-13.1026,15.2992,27.0531
9.91525,-13.466,15.5272,27.066
9.64018,-13.8201,15.7554,27.0733
9.35311,-14.1645,15.9835,27.0748
9.05438,-14.4988,16.2114,27.0707
8.74433,-14.8225,16.439,27.0609
8.42333,-15.1353,16.6661,27.0455
8.09175,-15.4368,16.8927,27.0244
7.74998,-15.7265,17.1185,26.9978
7.39841,-16.0043,17.3434,26.9656
7.03747,-16.2696,17.5673,26.9278
6.66759,-16.5223,17.7901,26.8846
6.28919,-16.7619,18.0116,26.8359
5.90274,-16.9881,18.2317,26.7817
5.50869,-17.2008,18.4503,26.7222
5.10751,-17.3996,18.6671,26.6574
4.6997,-17.5842,18.8822,26.5874
4.28573,-17.7545,19.0954,26.5121
3.86612,-17.9101,19.3065,26.4316
3.44136,-18.051,19.5155,26.3461
3.01198,-18.1769,19.7221,26.2556
2.5785,-18.2877,19.9264,26.1601
2.14145,-18.3831,20.1282,26.0598
1.70137,-18.4632,20.3274,25.9546
1.25879,-18.5277,20.5238,25.8447
0.814264,-18.5766,20.7175,25.7302
0.36834,-18.6099,20.9081,25.6111
-0.0784298,-18.6273,21.0958,25.4876
-0.525491,-18.629,21.2804,25.3597
-0.972287,-18.6149,21.4617,25.2274
-1.41826,-18.5851,21.6397,25.091
-1.86285,-18.5395,21.8143,24.9504
-2.30551,-18.4781,21.9855,24.8058
-2.74567,-18.4012,22.1531,24.6573
-3.18278,-18.3087,22.317,24.505
-3.61629,-18.2007,22.4772,24.3489
-4.04566,-18.0774,22.6337,24.1892
-4.47033,-17.939,22.7863,24.026
-4.88978,-17.7855,22.935,23.8593
-5.30345,-17.6173,23.0797,23.6893
-5.71084,-17.4344,23.2204,23.5161
-6.11142,-17.2371,23.357,23.3398
-6.50467,-17.0257,23.4894,23.1605
-6.8901,-16.8004,23.6176,22.9783
-7.2672,-16.5615,23.7416,22.7933
-7.6355,-16.3092,23.8613,22.6055
-7.99452,-16.044,23.9767,22.4152
-8.3438,-15.7662,24.0876,22.2225
-8.68288,-15.476,24.1942,22.0273
-9.01133,-15.1739,24.2964,21.8299
-9.32873,-14.8602,24.3941,21.6303
-9.63465,-14.5354,24.4873,21.4287
-9.92872,-14.1998,24.5759,21.2251
-10.2105,-13.854,24.6601,21.0197
-10.4797,-13.4982,24.7396,20.8125
-10.736,-13.133,24.8146,20.6037
-10.9789,-12.7589,24.885,20.3934
-11.2082,-12.3763,24.9508,20.1816
-11.4237,-11.9857,25.012,19.9686
-11.6249,-11.5876,25.0686,19.7543
-11.8116,-11.1825,25.1205,19.5389
-11.9837,-10.7711,25.1679,19.3224
-12.1408,-10.3537,25.2105,19.1051
-12.2828,-9.93088,25.2486,18.8869
-12.4095,-9.50327,25.2821,18.6681
-12.5207,-9.07139,25.3109,18.4485
-12.6163,-8.63579,25.3352,18.2285
-12.6961,-8.19703,25.3548,18.008
-12.7601,-7.75569,25.3698,17.7872
-12.8081,-7.31233,25.3803,17.5661
-12.8402,-6.86753,25.3863,17.3449
-12.8561,-6.42187,25.3876,17.1236
-12.856,-5.97592,25.3845,16.9023
-12.8399,-5.53026,25.3769,16.6812
-12.8077,-5.08547,25.3647,16.4602
-12.7595,-4.64213,25.3481,16.2395
-12.6953,-4.20079,25.3271,16.0192
-12.6154,-3.76205,25.3017,15.7994
-12.5196,-3.32646,25.2719,15.58
-12.4083,-2.8946,25.2377,15.3613
-12.2814,-2.467,25.1992,15.1433
-12.1393,-2.04424,25.1564,14.926
-11.9821,-1.62684,25.1093,14.7096
-11.8099,-1.21536,25.058,14.4942
-11.623,-0.810311,25.0025,14.2797
-11.4217,-0.412224,24.9428,14.0663
-11.2063,-0.0216082,24.879,13.8541
-10.9769,0.361038,24.811,13.643
-10.7339,0.735224,24.739,13.4333
-10.4777,1.10047,24.663,13.2249
-10.2085,1.45632,24.583,13.018
-9.92666,1.80231,24.499,12.8126
-9.63263,2.138,24.4111,12.6087
-9.32675,2.46297,24.3193,12.4065
-9.00941,2.77681,24.2237,12.2059
-8.68103,3.07913,24.1243,12.0072
-8.34204,3.36954,24.0212,11.8102
-7.99285,3.64767,23.9143,11.6152
-7.63394,3.91319,23.8038,11.422
-7.26575,4.16576,23.6896,11.2309
-6.88877,4.40507,23.5718,11.0419
-6.50346,4.63082,23.4505,10.855
-6.11033,4.84274,23.3257,10.6703
-5.70988,5.04056,23.1974,10.4879
-5.30261,5.22404,23.0658,10.3077
-4.88904,5.39297,22.9307,10.1299
-4.4697,5.54714,22.7924,9.95451
-4.04511,5.68636,22.6508,9.7816
-3.61582,5.81048,22.5059,9.61121
-3.18235,5.91934,22.3579,9.4434
-2.74526,6.01283,22.2067,9.27823
-2.30509,6.09084,22.0525,9.11574
-1.8624,6.15328,21.8952,8.95599
-1.41772,6.20008,21.7349,8.79903
-0.971619,6.23121,21.5717,8.64491
-0.524644,6.24663,21.4057,8.49369
-0.0773466,6.24635,21.2367,8.34541
0.369722,6.23036,21.065,8.20012
0.816012,6.19871,20.8906,8.05788
1.26098,6.15145,20.7135,7.91874
1.70408,6.08864,20.5337,7.78273
2.14478,6.01039,20.3514,7.64992
2.58253,5.91679,20.1666,7.52035
3.01682,5.80798,19.9792,7.39407
3.44712,5.6841,19.7895,7.27113
3.87292,5.54532,19.5974,7.15157
4.29369,5.39181,19.4031,7.03544
4.70895,5.22378,19.2064,6.9228
5.1182,5.04144,19.0076,6.81368
5.52096,4.84502,18.8067,6.70813
5.91675,4.63477,18.6037,6.6062
6.30511,4.41096,18.3987,6.50794
6.68558,4.17386,18.1918,6.41339
7.05772,3.92378,17.983,6.3226
7.42111,3.66101,17.7723,6.23561
7.77531,3.38588,17.56,6.15246
8.11993,3.09872,17.3459,6.07321
8.45457,2.7999,17.1302,5.99789
8.77885,2.48976,16.913,5.92656
9.0924,2.16868,16.6943,5.85924
9.39486,1.83705,16.4742,5.796
9.68591,1.49526,16.2527,5.73686
9.9652,1.14371,16.0301,5.68188
10.2324,0.782837,15.8062,5.63109
10.4873,0.413049,15.5812,5.58454
10.7296,0.0347868,15.3552,5.54226
10.9589,-0.351508,15.1283,5.5043
11.1751,-0.745385,14.9005,5.47069
11.3779,-1.14639,14.672,5.44148
11.5671,-1.55405,14.4427,5.4167
11.7424,-1.9679,14.2129,5.39638
11.9038,-2.38746,13.9826,5.38055
12.051,-2.81226,13.7519,5.36926
12.1839,-3.2418,13.5209,5.36253
12.3022,-3.6756,13.2896,5.36039
12.406,-4.11316,13.0583,5.36287
12.4951,-4.55399,12.8269,5.37
12.5693,-4.99759,12.5957,5.38179
12.6287,-5.44345,12.3646,5.39826
12.6732,-5.89108,12.1339,5.41945
12.7026,-6.33997,11.9035,5.44536
12.7171,-6.78962,11.6737,5.47601
12.7165,-7.23951,11.4445,5.51141
12.7009,-7.68916,11.216,5.55157
12.6703,-8.13804,10.9884,5.59649
12.6247,-8.58567,10.7617,5.64619
12.5643,-9.03154,10.536,5.70066
12.489,-9.47515,10.3116,5.7599
12.3989,-9.91601,10.0884,5.82391
12.2942,-10.3536,9.8667,5.89267
12.1749,-10.7875,9.64647,5.96619
12.0413,-11.2172,9.42787,6.04444
11.8934,-11.6421,9.21103,6.12741
11.7314,-12.0619,8.99605,6.21507
11.5555,-12.4761,8.78305,6.30742
11.3658,-12.8841,8.57214,6.40441
11.1627,-13.2856,8.36345,6.50602
10.9463,-13.68,8.15708,6.61222
10.7168,-14.067,7.95316,6.72297
10.4746,-14.4461,7.75179,6.83823
10.2198,-14.8169,7.55309,6.95796
9.95283,-15.179,7.35718,7.08211
9.67389,-15.5319,7.16416,7.21062
9.38331,-15.8753,6.97415,7.34346
9.08142,-16.2087,6.78725,7.48056
8.76855,-16.5318,6.60359,7.62186
8.44505,-16.8443,6.42326,7.76729
8.11128,-17.1457,6.24637,7.91679
7.76762,-17.4358,6.07303,8.0703
7.41444,-17.7141,5.90335,8.22773
7.05214,-17.9804,5.73741,8.38901
6.68112,-18.2344,5.57533,8.55406
6.30181,-18.4757,5.41721,8.72279
5.91462,-18.7042,5.26313,8.89513
5.51999,-18.9195,5.11319,9.07098
5.11837,-19.1213,4.96749,9.25024
4.7102,-19.3096,4.82611,9.43283
4.29596,-19.4839,4.68914,9.61865
3.8761,-19.6441,4.55667,9.80759
3.4511,-19.7901,4.42877,9.99955
3.02145,-19.9217,4.30553,10.1944
2.58763,-20.0386,4.18702,10.3921
2.15014,-20.1408,4.07331,10.5925
1.70948,-20.2281,3.96448,10.7955
1.26615,-20.3004,3.86058,11.0009
0.820652,-20.3577,3.76169,11.2087
0.373507,-20.3998,3.66787,11.4187
-0.0747749,-20.4268,3.57917,11.6309
-0.523677,-20.4385,3.49564,11.845
-0.972681,-20.4349,3.41734,12.061
-1.42127,-20.4161,3.34432,12.2788
-1.86892,-20.382,3.27661,12.4981
-2.31512,-20.3327,3.21426,12.7189
-2.75934,-20.2682,3.1573,12.9411
-3.20106,-20.1886,3.10577,13.1646
-3.63979,-20.094,3.05969,13.3891
-4.07499,-19.9845,3.01909,13.6145
-4.50616,-19.8602,2.984,13.8408
-4.93279,-19.7212,2.95443,14.0678
-5.35439,-19.5677,2.93039,14.2954
-5.77046,-19.3999,2.9119,14.5234
-6.18049,-19.218,2.89896,14.7517
-6.58403,-19.0221,2.89158,14.9801
-6.98057,-18.8125,2.88976,15.2086
-7.36965,-18.5894,2.89349,15.4369
-7.75082,-18.3531,2.90277,15.6651
-8.12361,-18.1039,2.91759,15.8928
-8.48759,-17.842,2.93792,16.12
-8.84232,-17.5677,2.96376,16.3466
-9.18736,-17.2815,2.99508,16.5724
-9.52232,-16.9835,3.03185,16.7974
-9.84679,-16.6742,3.07406,17.0212
-10.1604,-16.3539,3.12166,17.244
-10.4627,-16.023,3.17463,17.4654
-10.7534,-15.6818,3.23292,17.6854
-11.0321,-15.3309,3.2965,17.9039
-11.2986,-14.9705,3.36531,18.1207
-11.5523,-14.6012,3.43932,18.3357
-11.7932,-14.2233,3.51846,18.5488
-12.0208,-13.8373,3.6027,18.7599
-12.2349,-13.4438,3.69197,18.9689
-12.4352,-13.043,3.78621,19.1756
-12.6215,-12.6356,3.88537,19.3799
-12.7936,-12.2219,3.98937,19.5817
-12.9512,-11.8026,4.09815,19.7809
-13.0942,-11.3781,4.21164,19.9775
-13.2223,-10.9489,4.32978,20.1712
-13.3354,-10.5155,4.45248,20.362
-13.4335,-10.0785,4.57966,20.5498
-13.5163,-9.6383,4.71126,20.7345
-13.5837,-9.19554,4.84719,20.916
-13.6357,-8.75071,4.98737,21.0941
-13.6722,-8.30436,5.1317,21.2689
-13.6932,-7.85702,5.28012,21.4402
-13.6986,-7.40924,5.43252,21.6079
-13.6884,-6.96155,5.58881,21.7719
-13.6626,-6.51449,5.74892,21.9322
-13.6213,-6.06861,5.91273,22.0887
-13.5645,-5.62444,6.08016,22.2412
-13.4923,-5.18253,6.25111,22.3898
-13.4048,-4.7434,6.42548,22.5344
-13.302,-4.30759,6.60317,22.6748
-13.1841,-3.87563,6.78409,22.811
-13.0512,-3.44804,6.96812,22.9429
-12.9035,-3.02534,7.15517,23.0705
-12.7412,-2.60804,7.34514,23.1938
-12.5645,-2.19664,7.53792,23.3126
-12.3735,-1.79164,7.73339,23.4269
-12.1686,-1.39354,7.93147,23.5367
-11.9499,-1.00282,8.13203,23.6418
-11.7178,-0.619937,8.33497,23.7423
-11.4724,-0.24537,8.54019,23.8381
-11.2142,0.120434,8.74756,23.9292
-10.9433,0.477032,8.95699,24.0155
-10.6603,0.823994,9.16836,24.0969
-10.3653,1.1609,9.38155,24.1736
-10.0588,1.48735,9.59647,24.2453
-9.74106,1.80294,9.81299,24.3121
-9.41257,2.1073,10.031,24.3739
-9.07368,2.40006,10.2504,24.4308
-8.72481,2.68087,10.4711,24.4827
-8.36639,2.94939,10.6929,24.5296
-7.99883,3.2053,10.9157,24.5714
-7.6226,3.4483,11.1395,24.6082
-7.23815,3.67809,11.3641,24.6398
-6.84593,3.8944,11.5894,24.6665
-6.44643,4.09698,11.8153,24.688
-6.04013,4.28558,12.0416,24.7044
-5.62751,4.45997,12.2683,24.7157
-5.20908,4.61996,12.4953,24.7219
-4.78534,4.76536,12.7223,24.723
-4.35679,4.89599,12.9494,24.719
-3.92396,5.0117,13.1764,24.7099
-3.48737,5.11236,13.4032,24.6956
-3.04753,5.19785,13.6296,24.6763
-2.60498,5.26807,13.8557,24.6519
-2.16025,5.32295,14.0811,24.6225
-1.71386,5.36241,14.3059,24.588
-1.26635,5.38643,14.53,24.5484
-0.818266,5.39498,14.7531,24.5039
-0.37013,5.38804,14.9752,24.4544
0.0775216,5.36564,15.1963,24.3998
0.524155,5.32781,15.4161,24.3404
0.969238,5.27459,15.6346,24.276
1.41224,5.20605,15.8516,24.2068
1.85264,5.12229,16.0671,24.1327
2.28992,5.0234,16.281,24.0537
2.72355,4.9095,16.493,23.97
3.15302,4.78074,16.7033,23.8816
3.57783,4.63728,16.9115,23.7885
3.99748,4.47928,17.1176,23.6907
4.41146,4.30694,17.3216,23.5883
4.81929,4.12047,17.5232,23.4814
5.22049,3.92008,17.7225,23.3699
5.6146,3.70604,17.9193,23.254
6.00114,3.47857,18.1134,23.1337
6.37966,3.23797,18.3049,23.0091
6.74972,2.98452,18.4936,22.8801
7.11089,2.71851,18.6793,22.747
7.46274,2.44027,18.8621,22.6097
7.80485,2.15013,19.0418,22.4683
8.13684,1.84842,19.2183,22.3229
8.45832,1.53551,19.3915,22.1735
8.7689,1.21177,19.5613,22.0203
9.06822,0.877577,19.7277,21.8632
9.35595,0.533326,19.8905,21.7024
9.63173,0.179422,20.0497,21.538
9.89525,-0.183717,20.2051,21.37
10.1462,-0.555665,20.3568,21.1986
10.3843,-0.935984,20.5045,21.0237
10.6093,-1.32423,20.6483,20.8455
10.8208,-1.71994,20.788,20.6641
11.0187,-2.12266,20.9236,20.4796
11.2028,-2.53191,21.055,20.292
11.3727,-2.94722,21.1821,20.1015
11.5284,-3.3681,21.3048,19.9082
11.6696,-3.79405,21.4232,19.7121
11.7962,-4.22458,21.537,19.5133
11.9079,-4.65918,21.6463,19.3121
12.0048,-5.09735,21.751,19.1084
12.0866,-5.53857,21.851,18.9023
12.1534,-5.98233,21.9462,18.694
12.2049,-6.42811,22.0367,18.4837
12.2412,-6.87539,22.1224,18.2713
12.2621,-7.32364,22.2031,18.057
12.2678,-7.77234,22.2789,17.8409
12.2581,-8.22097,22.3498,17.6232
12.233,-8.66899,22.4156,17.4039
12.1927,-9.1159,22.4763,17.1832
12.1371,-9.56115,22.532,16.9612
12.0664,-10.0042,22.5825,16.7379
11.9805,-10.4446,22.6279,16.5136
11.8796,-10.8818,22.6681,16.2884
11.7638,-11.3153,22.703,16.0623
11.6333,-11.7446,22.7328,15.8355
11.4881,-12.1691,22.7573,15.6081
11.3285,-12.5884,22.7765,15.3802
11.1546,-13.0019,22.7904,15.152
10.9667,-13.4093,22.7991,14.9235
10.765,-13.81,22.8024,14.695
10.5496,-14.2035,22.8005,14.4665
10.3209,-14.5893,22.7932,14.2381
10.0791,-14.9671,22.7807,14.0101
9.82447,-15.3364,22.7629,13.7824
9.55734,-15.6967,22.7398,13.5552
9.27802,-16.0476,22.7114,13.3287
8.98682,-16.3887,22.6778,13.103
8.68409,-16.7196,22.6389,12.8781
8.37018,-17.0398,22.5949,12.6543
8.04546,-17.3491,22.5456,12.4316
7.71032,-17.647,22.4912,12.2101
7.36514,-17.9332,22.4317,11.9901
7.01033,-18.2073,22.3671,11.7715
6.64631,-18.4691,22.2974,11.5546
6.27351,-18.7181,22.2228,11.3393
5.89237,-18.9542,22.1431,11.126
5.50334,-19.1769,22.0586,10.9146
5.10687,-19.3862,21.9691,10.7052
4.70345,-19.5816,21.8749,10.4981
4.29354,-19.7629,21.7758,10.2933
3.87763,-19.93,21.6721,10.0908
3.45622,-20.0826,21.5637,9.8909
3.02981,-20.2206,21.4507,9.69361
2.59891,-20.3438,21.3332,9.49904
2.16402,-20.452,21.2112,9.3073
1.72567,-20.545,21.0849,9.11849
1.28439,-20.6229,20.9542,8.93271
0.84069,-20.6854,20.8193,8.75005
0.395113,-20.7325,20.6802,8.57061
-0.0518104,-20.7642,20.537,8.39448
-0.499545,-20.7804,20.3898,8.22175
-0.947553,-20.781,20.2387,8.05252
-1.3953,-20.7661,20.0838,7.88685
-1.84224,-20.7357,19.9251,7.72485
-2.28784,-20.6899,19.7627,7.56659
-2.73156,-20.6285,19.5968,7.41214
-3.17288,-20.5519,19.4274,7.26159
-3.61125,-20.4599,19.2546,7.11501
-4.04614,-20.3528,19.0785,6.97247
-4.47704,-20.2306,18.8992,6.83405
-4.90342,-20.0936,18.7168,6.6998
-5.32477,-19.9418,18.5314,6.56979
-5.74057,-19.7755,18.3431,6.44409
-6.15033,-19.5948,18.152,6.32275
-6.55354,-19.3999,17.9582,6.20582
-6.94973,-19.1912,17.7618,6.09338
-7.3384,-18.9688,17.5629,5.98545
-7.71908,-18.733,17.3617,5.8821
-8.09132,-18.4842,17.1581,5.78338
-8.45467,-18.2225,16.9524,5.68931
-8.80868,-17.9483,16.7446,5.59995
-9.15291,-17.662,16.5349,5.51534
-9.48697,-17.3639,16.3233,5.43551
-9.81043,-17.0543,16.11,5.36049
-10.1229,-16.7336,15.8951,5.29032
-10.424,-16.4022,15.6786,5.22502
-10.7134,-16.0606,15.4607,5.16462
-10.9907,-15.7091,15.2415,5.10914
-11.2556,-15.3481,15.0212,5.05861
-11.5078,-14.9782,14.7997,5.01305
-11.7469,-14.5996,14.5773,4.97246
-11.9727,-14.213,14.354,4.93686
-12.1849,-13.8187,14.13,4.90627
-12.3832,-13.4173,13.9053,4.8807
-12.5674,-13.0092,13.6801,4.86014
-12.7373,-12.595,13.4545,4.84461
-12.8927,-12.175,13.2286,4.83411
-13.0333,-11.7499,13.0025,4.82864
-13.1591,-11.3202,12.7763,4.82818
-13.2698,-10.8863,12.5501,4.83275
-13.3654,-10.4488,12.3241,4.84233
-13.4457,-10.0083,12.0983,4.85692
-13.5106,-9.56522,11.8728,4.8765
-13.5601,-9.12014,11.6478,4.90106
-13.5941,-8.67358,11.4233,4.93058
-13.6125,-8.22611,11.1995,4.96505
-13.6154,-7.77824,10.9764,5.00445
-13.6028,-7.33053,10.7543,5.04875
-13.5745,-6.88351,10.5331,5.09794
-13.5308,-6.43772,10.313,5.15198
-13.4717,-5.99369,10.094,5.21086
-13.3972,-5.55196,9.87639,5.27453
-13.3074,-5.11305,9.66013,5.34298
-13.2024,-4.6775,9.44536,5.41617
-13.0825,-4.24582,9.23217,5.49405
-12.9476,-3.81852,9.02066,5.57661
-12.798,-3.39612,8.81093,5.66379
-12.634,-2.97912,8.60309,5.75557
-12.4555,-2.56801,8.39722,5.85189
-12.263,-2.16328,8.19343,5.95271
-12.0566,-1.76541,7.9918,6.05799
-11.8366,-1.37486,7.79243,6.16769
-11.6033,-0.992103,7.59542,6.28175
-11.3569,-0.617583,7.40085,6.40012
-11.0977,-0.251739,7.20883,6.52276
-10.826,0.105001,7.01943,6.6496
-10.5423,0.452222,6.83275,6.7806
-10.2467,0.789519,6.64888,6.91569
-9.93974,1.1165,6.46791,7.05483
-9.6217,1.43279,6.28992,7.19794
-9.29297,1.73802,6.115,7.34497
-8.95395,2.03185,5.94323,7.49586
-8.60505,2.31393,5.7747,7.65054
-8.24667,2.58395,5.6095,7.80895
-7.87924,2.84159,5.4477,7.97101
-7.50319,3.08657,5.28939,8.13665
-7.11897,3.31861,5.13464,8.30582
-6.72703,3.53746,4.98355,8.47843
-6.32783,3.74286,4.83618,8.65441
-5.92183,3.93459,4.69261,8.83368
-5.50951,4.11244,4.55292,9.01617
-5.09134,4.27622,4.41719,9.2018
-4.66782,4.42575,4.28549,9.39049
-4.23943,4.56086,4.1579,9.58215
-3.80666,4.68142,4.03448,9.77669
-3.37001,4.7873,3.91531,9.97405
-2.92999,4.87839,3.80047,10.1741
-2.48709,4.95459,3.69001,10.3768
-2.04183,5.01584,3.58401,10.582
-1.59471,5.06207,3.48253,10.7897
-1.14623,5.09325,3.38565,10.9997
-0.696911,5.10935,3.29342,11.2119
-0.247255,5.11036,3.20591,11.4263
0.202231,5.0963,3.12318,11.6427
0.65104,5.06718,3.04529,11.8611
1.09867,5.02306,2.9723,12.0813
1.54461,4.964,2.90427,12.3032
1.98837,4.89006,2.84124,12.5267
2.42946,4.80134,2.78328,12.7517
2.86737,4.69795,2.73044,12.978
3.30163,4.58001,2.68275,13.2056
3.73174,4.44766,2.64027,13.4343
4.15724,4.30105,2.60304,13.664
4.57764,4.14035,2.5711,13.8946
4.99249,3.96575,2.54449,14.126
5.40132,3.77745,2.52324,14.358
5.80367,3.57564,2.50739,14.5904
6.19912,3.36058,2.49695,14.8233
6.58721,3.13248,2.49197,15.0563
6.96751,2.89162,2.49245,15.2894
7.33961,2.63825,2.49842,15.5225
7.7031,2.37267,2.5099,15.7554
8.05756,2.09516,2.52688,15.988
8.40261,1.80603,2.54939,16.2202
8.73787,1.5056,2.57743,16.4517
9.06296,1.1942,2.61099,16.6825
9.37752,0.872186,2.65008,16.9124
9.6812,0.539901,2.69468,17.1412
9.97367,0.197716,2.74478,17.369
10.2546,-0.153991,2.80038,17.5954
10.5236,-0.514833,2.86145,17.8203
10.7805,-0.884411,2.92796,18.0437
11.025,-1.26232,2.99989,18.2653
11.2567,-1.64813,3.07721,18.4851
11.4754,-2.04144,3.15988,18.7028
11.6809,-2.44178,3.24786,18.9184
11.8729,-2.84874,3.34111,19.1316
12.0512,-3.26185,3.43957,19.3425
12.2156,-3.68065,3.54321,19.5507
12.3659,-4.10468,3.65195,19.7563
12.502,-4.53346,3.76574,19.959
12.6236,-4.96653,3.88451,20.1587
12.7307,-5.40339,4.0082,20.3553
12.823,-5.84355,4.13672,20.5486
12.9006,-6.28652,4.27001,20.7386
12.9632,-6.73181,4.40798,20.9251
13.0108,-7.17891,4.55054,21.1079
13.0434,-7.62732,4.69761,21.2871
13.0609,-8.07652,4.84909,21.4623
13.0633,-8.52602,5.00489,21.6335
13.0505,-8.9753,5.16491,21.8007
13.0226,-9.42384,5.32904,21.9636
12.9796,-9.87115,5.49717,22.1223
12.9214,-10.3167,5.6692,22.2765
12.8483,-10.76,5.84501,22.4261
12.7602,-11.2005,6.02449,22.5712
12.6573,-11.6377,6.2075,22.7115
12.5396,-12.0711,6.39395,22.8471
12.4072,-12.5003,6.58368,22.9777
12.2604,-12.9246,6.77659,23.1033
12.0993,-13.3437,6.97253,23.2239
11.9239,-13.7569,7.17138,23.3394
11.7347,-14.1639,7.373,23.4496
11.5317,-14.5642,7.57726,23.5546
11.3151,-14.9573,7.78401,23.6542
11.0853,-15.3427,7.99312,23.7485
10.8424,-15.7199,8.20444,23.8373
10.5868,-16.0886,8.41783,23.9205
10.3188,-16.4482,8.63315,23.9983
10.0386,-16.7984,8.85025,24.0704
9.74652,-17.1387,9.06898,24.1369
9.44297,-17.4687,9.2892,24.1977
9.12828,-17.788,9.51077,24.2529
8.8028,-18.0963,9.73352,24.3023
8.46692,-18.3931,9.95732,24.346
8.12103,-18.6781,10.182,24.384
7.76554,-18.9509,10.4075,24.4161
7.40085,-19.2112,10.6335,24.4425
7.02741,-19.4587,10.86,24.4632
6.64566,-19.6931,11.0868,24.478
6.25604,-19.914,11.3137,24.4871
5.85902,-20.1213,11.5407,24.4905
5.45508,-20.3145,11.7675,24.4881
5.04471,-20.4936,11.9941,24.48
4.62838,-20.6582,12.2202,24.4662
4.20662,-20.8082,12.4458,24.4467
3.77992,-20.9434,12.6707,24.4215
3.3488,-21.0635,12.8947,24.3908
2.91379,-21.1685,13.1177,24.3545
2.47542,-21.2581,13.3397,24.3126
2.03422,-21.3323,13.5604,24.2653
1.59074,-21.391,13.7797,24.2125
1.14552,-21.4341,13.9975,24.1544
0.699107,-21.4614,14.2137,24.0909
0.252053,-21.4731,14.4282,24.0221
-0.19509,-21.469,14.6407,23.9482
-0.641765,-21.4491,14.8513,23.869
-1.08742,-21.4135,15.0597,23.7848
-1.53149,-21.3622,15.2659,23.6956
-1.97344,-21.2953,15.4698,23.6014
-2.4127,-21.2127,15.6713,23.5024
-2.84872,-21.1147,15.8701,23.3986
-3.28096,-21.0013,16.0663,23.2901
-3.70888,-20.8727,16.2598,23.1769
-4.13193,-20.729,16.4504,23.0592
-4.54957,-20.5703,16.638,22.937
-4.96129,-20.397,16.8226,22.8105
-5.36656,-20.2092,17.0041,22.6797
-5.76486,-20.007,17.1823,22.5446
-6.15569,-19.7909,17.3572,22.4055
-6.53855,-19.561,17.5287,22.2623
-6.91295,-19.3176,17.6968,22.1153
-7.27841,-19.061,17.8613,21.9644
-7.63448,-18.7916,18.0223,21.8098
-7.98068,-18.5097,18.1795,21.6515
-8.31658,-18.2156,18.333,21.4898
-8.64174,-17.9097,18.4827,21.3246
-8.95576,-17.5924,18.6285,21.156
-9.25822,-17.2642,18.7704,20.9843
-9.54873,-16.9253,18.9083,20.8094
-9.82692,-16.5762,19.0421,20.6314
-10.0924,-16.2175,19.1719,20.4506
-10.3449,-15.8495,19.2976,20.2669
-10.5841,-15.4727,19.419,20.0805
-10.8096,-15.0876,19.5363,19.8914
-11.0211,-14.6947,19.6493,19.6999
-11.2185,-14.2944,19.758,19.5059
-11.4013,-13.8874,19.8624,19.3096
-11.5695,-13.474,19.9625,19.1111
-11.7227,-13.0549,20.0581,18.9105
-11.8608,-12.6306,20.1494,18.7079
-11.9836,-12.2017,20.2362,18.5033
-12.0909,-11.7686,20.3186,18.297
-12.1826,-11.3319,20.3965,18.0889
-12.2586,-10.8922,20.4699,17.8792
-12.3188,-10.4501,20.5389,17.668
-12.3631,-10.0061,20.6033,17.4554
-12.3914,-9.56083,20.6631,17.2415
-12.4038,-9.1148,20.7185,17.0264
-12.4001,-8.6686,20.7693,16.8101
-12.3805,-8.22282,20.8155,16.5928
-12.3449,-7.77803,20.8572,16.3746
-12.2934,-7.33478,20.8944,16.1555
-12.226,-6.89366,20.927,15.9357
-12.1428,-6.45522,20.9551,15.7153
-12.0441,-6.02002,20.9786,15.4943
-11.9297,-5.58863,20.9976,15.2728
-11.8001,-5.16159,21.012,15.0509
-11.6552,-4.73945,21.0219,14.8288
-11.4953,-4.32275,21.0273,14.6064
-11.3206,-3.91201,21.0282,14.384
-11.1313,-3.50776,21.0246,14.1615
-10.9276,-3.11051,21.0166,13.9391
-10.71,-2.72076,21.004,13.7168
-10.4785,-2.33902,20.9871,13.4948
-10.2335,-1.96575,20.9657,13.2731
-9.97539,-1.60143,20.9398,13.0518
-9.70442,-1.24652,20.9096,12.8309
-9.42095,-0.901464,20.8751,12.6107
-9.12537,-0.566695,20.8361,12.3911
-8.81804,-0.242631,20.7929,12.1722
-8.49935,0.0703248,20.7453,11.9541
-8.16972,0.371783,20.6935,11.7369
-7.82957,0.661371,20.6374,11.5207
-7.47933,0.93873,20.5771,11.3055
-7.11944,1.20352,20.5126,11.0914
-6.75036,1.45541,20.4439,10.8785
-6.37256,1.6941,20.3711,10.6669
-5.98652,1.9193,20.2941,10.4566
-5.59272,2.13073,20.2131,10.2478
-5.19166,2.32815,20.128,10.0404
-4.78384,2.5113,20.0389,9.83458
-4.36978,2.67999,19.9459,9.63042
-3.94999,2.83399,19.8488,9.42796
-3.52499,2.97315,19.7479,9.22728
-3.09531,3.09729,19.6431,9.02845
-2.66149,3.20627,19.5344,8.83155
-2.22406,3.29998,19.422,8.63663
-1.78356,3.3783,19.3057,8.44378
-1.34054,3.44115,19.1857,8.25305
-0.895538,3.48848,19.0621,8.06453
-0.449097,3.52022,18.9347,7.87827
-0.0017641,3.53637,18.8038,7.69434
0.445917,3.5369,18.6693,7.51282
0.893402,3.52184,18.5313,7.33377
1.34015,3.49121,18.3898,7.15726
1.78562,3.44507,18.2448,6.98335
2.22929,3.38349,18.0964,6.81212
2.67061,3.30654,17.9447,6.64362
3.10906,3.21435,17.7897,6.47792
3.54412,3.10703,17.6315,6.31509
3.97527,2.98472,17.47,6.1552
4.40201,2.84759,17.3054,5.99831
4.82382,2.69581,17.1377,5.84448
5.24022,2.52958,16.9669,5.69379
5.65072,2.34911,16.7931,5.54629
6.05484,2.15461,16.6164,5.40205
6.45211,1.94635,16.4367,5.26113
6.84208,1.72457,16.2543,5.1236
7.22428,1.48954,16.0691,4.98952
7.59829,1.24156,15.8811,4.85896
7.96368,0.980926,15.6905,4.73198
8.32003,0.707954,15.4973,4.60865
8.66694,0.422973,15.3016,4.48901
9.00401,0.126325,15.1034,4.37315
9.33087,-0.181637,14.9028,4.26112
9.64715,-0.500547,14.6999,4.15299
9.9525,-0.830028,14.4947,4.04881
10.2466,-1.16969,14.2873,3.94865
10.5291,-1.51914,14.0779,3.85257
10.7996,-1.87796,13.8664,3.76063
11.058,-2.24575,13.6529,3.67289
11.3039,-2.62206,13.4376,3.58941
11.537,-3.00647,13.2204,3.51025
11.7571,-3.39854,13.0016,3.43547
11.964,-3.79782,12.7812,3.36511
12.1573,-4.20384,12.5593,3.29925
12.337,-4.61615,12.3359,3.23793
12.5028,-5.03428,12.1112,3.1812
12.6546,-5.45776,11.8852,3.12911
12.7921,-5.8861,11.6581,3.08172
12.9153,-6.31883,11.43,3.03907
13.024,-6.75545,11.201,3.0012
13.118,-7.19548,10.9711,2.96816
13.1973,-7.63842,10.7405,2.93999
13.2619,-8.08378,10.5093,2.91673
13.3115,-8.53106,10.2775,2.8984
13.3463,-8.97977,10.0454,2.88506
13.3661,-9.4294,9.813,2.87672
13.3709,-9.87944,9.58043,2.87342
13.3607,-10.3294,9.34781,2.87518
13.3356,-10.7788,9.11526,2.88203
13.2956,-11.2271,8.88289,2.89399
13.2406,-11.6738,8.65082,2.91106
13.1709,-12.1185,8.41918,2.93328
13.0863,-12.5606,8.18808,2.96064
12.9871,-12.9996,7.95766,2.99315
12.8734,-13.4351,7.72802,3.03083
12.7453,-13.8666,7.49931,3.07367
12.6028,-14.2935,7.27163,3.12167
12.4463,-14.7155,7.04513,3.17482
12.2757,-15.132,6.81991,3.23312
12.0914,-15.5425,6.59612,3.29655
11.8936,-15.9467,6.37387,3.36509
11.6824,-16.3441,6.1533,3.43873
11.458,-16.7342,5.93453,3.51745
11.2208,-17.1166,5.71769,3.60121
10.971,-17.4908,5.50291,3.68998
10.7089,-17.8565,5.2903,3.78373
10.4347,-18.2132,5.08,3.88242
10.1487,-18.5605,4.87213,3.98601
9.85137,-18.8981,4.66682,4.09446
9.5429,-19.2255,4.46419,4.20771
9.22366,-19.5424,4.26437,4.32571
8.89402,-19.8485,4.06747,4.4484
8.55434,-20.1433,3.87361,4.57572
8.20499,-20.4265,3.68292,4.70761
7.84637,-20.6979,3.49551,4.844
7.47887,-20.957,3.31149,4.98482
7.10291,-21.2037,3.13099,5.13
6.71891,-21.4376,2.95412,5.27944
6.32728,-21.6584,2.78098,5.43308
5.92849,-21.8659,2.61168,5.59083
5.52297,-22.0599,2.44633,5.75259
5.11117,-22.2401,2.28504,5.91828
4.69357,-22.4063,2.1279,6.08781
4.27064,-22.5584,1.97501,6.26106
3.84285,-22.6961,1.82648,6.43795
3.41069,-22.8192,1.68239,6.61836
2.97464,-22.9277,1.54283,6.8022
2.53522,-23.0214,1.40789,6.98935
2.09291,-23.1002,1.27766,7.1797
1.64822,-23.1639,1.15222,7.37313
1.20166,-23.2126,1.03164,7.56953
0.753742,-23.246,0.916005,7.76877
0.30498,-23.2643,0.805384,7.97075
-0.144111,-23.2674,0.699845,8.17533
-0.593013,-23.2552,0.599454,8.38238
-1.04121,-23.2278,0.50427,8.59178
-1.48818,-23.1851,0.414353,8.80341
-1.93341,-23.1273,0.329757,9.01712
-2.37638,-23.0543,0.250533,9.23279
-2.81658,-22.9663,0.176727,9.45029
-3.25349,-22.8634,0.108383,9.66948
-3.68661,-22.7457,0.0455403,9.89021
-4.11543,-22.6132,-0.0117652,10.1124
-4.53944,-22.4662,-0.0635016,10.3358
-4.95816,-22.3048,-0.109641,10.5604
-5.37109,-22.1292,-0.150158,10.786
-5.77774,-21.9396,-0.185033,11.0124
-6.17765,-21.7362,-0.214249,11.2395
-6.57032,-21.5192,-0.237793,11.4673
-6.95531,-21.289,-0.255656,11.6955
-7.33216,-21.0456,-0.267832,11.9239
-7.70041,-20.7896,-0.27432,12.1526
-8.05964,-20.521,-0.275122,12.3812
-8.40942,-20.2403,-0.270244,12.6098
-8.74933,-19.9478,-0.259695,12.8381
-9.07897,-19.6437,-0.243489,13.0659
-9.39794,-19.3285,-0.221642,13.2933
-9.70587,-19.0026,-0.194174,13.52
-10.0024,-18.6663,-0.16111,13.7458
-10.2871,-18.32,-0.122477,13.9707
-10.5598,-17.964,-0.0783051,14.1946
-10.8199,-17.599,-0.0286293,14.4172
-11.0674,-17.2252,0.0265131,14.6385
-11.3018,-16.8431,0.0870813,14.8583
-11.5229,-16.4531,0.153031,15.0765
-11.7303,-16.0558,0.224316,15.2929
-11.924,-15.6516,0.300885,15.5075
-12.1035,-15.2409,0.382685,15.7201
-12.2688,-14.8243,0.46966,15.9307
-12.4195,-14.4023,0.561751,16.1389
-12.5556,-13.9753,0.658895,16.3449
-12.6768,-13.5438,0.761029,16.5483
-12.7831,-13.1085,0.868083,16.7492
-12.8742,-12.6697,0.97999,16.9474
-12.9501,-12.2281,1.09668,17.1428
-13.0106,-11.7841,1.21806,17.3352
-13.0558,-11.3383,1.34408,17.5246
-13.0855,-10.8912,1.47464,17.7109
-13.0997,-10.4434,1.60967,17.894
-13.0984,-9.99531,1.74907,18.0738
-13.0816,-9.54756,1.89277,18.2501
-13.0493,-9.10067,2.04068,18.4228
-13.0016,-8.65516,2.1927,18.592
-12.9384,-8.21158,2.34874,18.7574
-12.86,-7.77046,2.50871,18.9191
-12.7663,-7.33232,2.67251,19.0768
-12.6575,-6.89768,2.84005,19.2306
-12.5337,-6.46707,3.01122,19.3803
-12.395,-6.041,3.18593,19.5259
-12.2417,-5.61999,3.36407,19.6673
-12.074,-5.20453,3.54553,19.8044
-11.8919,-4.79513,3.73022,19.9371
-11.6958,-4.39227,3.91803,20.0654
-11.4858,-3.99644,4.10885,20.1893
-11.2623,-3.6081,4.30256,20.3085
-11.0254,-3.22772,4.49906,20.4232
-10.7755,-2.85576,4.69825,20.5332
-10.513,-2.49265,4.9,20.6384
-10.238,-2.13884,5.1042,20.7389
-9.95089,-1.79474,5.31074,20.8346
-9.65209,-1.46075,5.5195,20.9253
-9.34192,-1.13729,5.73037,21.0111
-9.02074,-0.824728,5.94324,21.092
-8.68895,-0.523437,6.15798,21.1678
-8.34695,-0.233776,6.37447,21.2386
-7.99513,0.043915,6.5926,21.3044
-7.63393,0.309307,6.81225,21.3649
-7.26377,0.562086,7.0333,21.4204
-6.8851,0.801956,7.25563,21.4707
-6.49837,1.02864,7.47912,21.5157
-6.10404,1.24186,7.70364,21.5556
-5.70259,1.44137,7.92908,21.5902
-5.29448,1.62695,8.15531,21.6195
-4.8802,1.79837,8.38222,21.6436
-4.46026,1.95544,8.60967,21.6624
-4.03513,2.09797,8.83755,21.6758
-3.60534,2.2258,9.06574,21.684
-3.17139,2.33878,9.29411,21.6869
-2.73379,2.43679,9.52254,21.6844
-2.29307,2.51971,9.7509,21.6767
-1.84973,2.58745,9.97908,21.6636
-1.40431,2.63993,10.207,21.6453
-0.957332,2.6771,10.4344,21.6216
-0.50932,2.69893,10.6613,21.5927
-0.0608009,2.70538,10.8875,21.5585
0.387697,2.69645,11.1129,21.519
0.835647,2.67217,11.3374,21.4743
1.28252,2.63256,11.5608,21.4244
1.7278,2.57768,11.7831,21.3694
2.17097,2.50759,12.0041,21.3091
2.61149,2.42238,12.2237,21.2437
3.04887,2.32216,12.4417,21.1732
3.48259,2.20704,12.6582,21.0977
3.91214,2.07718,12.8728,21.0171
4.33702,1.93271,13.0856,20.9316
4.75674,1.77382,13.2963,20.8411
5.17082,1.6007,13.505,20.7457
5.57876,1.41354,13.7114,20.6454
5.98011,1.21258,13.9155,20.5404
6.37438,0.998042,14.1171,20.4305
6.76114,0.770189,14.3161,20.316
7.13992,0.529286,14.5125,20.1969
7.51028,0.275616,14.706,20.0732
7.87182,0.00947596,14.8966,19.945
8.22409,-0.268822,15.0842,19.8123
8.5667,-0.558954,15.2687,19.6753
8.89926,-0.86058,15.45,19.534
9.22137,-1.17335,15.6279,19.3884
9.53268,-1.4969,15.8024,19.2387
9.83281,-1.83085,15.9733,19.0849
10.1214,-2.17482,16.1406,18.9272
10.3982,-2.5284,16.3041,18.7655
10.6628,-2.89118,16.4638,18.6
10.9149,-3.26275,16.6196,18.4308
11.1543,-3.64268,16.7714,18.2579
11.3806,-4.03052,16.919,18.0815
11.5936,-4.42583,17.0625,17.9017
11.7931,-4.82815,17.2016,17.7185
11.9788,-5.23701,17.3364,17.532
12.1505,-5.65194,17.4668,17.3424
12.308,-6.07246,17.5926,17.1498
12.4512,-6.49809,17.7138,16.9543
12.5798,-6.92833,17.8303,16.7559
12.6937,-7.36269,17.942,16.5548
12.7928,-7.80067,18.049,16.3511
12.877,-8.24176,18.151,16.145
12.9462,-8.68545,18.2481,15.9365
13.0002,-9.13123,18.3402,15.7257
13.0391,-9.57858,18.4272,15.5128
13.0628,-10.027,18.5091,15.2979
13.0712,-10.4759,18.5858,15.0812
13.0643,-10.9249,18.6573,14.8626
13.0422,-11.3733,18.7236,14.6425
13.0049,-11.8208,18.7845,14.4208
12.9523,-12.2667,18.8401,14.1978
12.8846,-12.7105,18.8903,13.9736
12.8019,-13.1518,18.9351,13.7482
12.7042,-13.59,18.9744,13.5219
12.5917,-14.0246,19.0083,13.2947
12.4644,-14.4551,19.0367,13.0668
12.3226,-14.881,19.0595,12.8383
12.1663,-15.3018,19.0769,12.6094
11.9958,-15.7171,19.0887,12.3801
11.8112,-16.1263,19.095,12.1507
11.6128,-16.5289,19.0957,11.9213
11.4008,-16.9245,19.0909,11.6919
11.1754,-17.3126,19.0805,11.4628
10.937,-17.6928,19.0646,11.234
10.6857,-18.0647,19.0432,11.0058
10.4218,-18.4277,19.0163,10.7781
10.1458,-18.7815,18.9838,10.5513
9.85776,-19.1256,18.9459,10.3253
9.55819,-19.4597,18.9025,10.1004
9.24738,-19.7833,18.8537,9.87668
8.92569,-20.0961,18.7995,9.65423
8.59351,-20.3976,18.7399,9.43322
8.25121,-20.6877,18.6751,9.21376
7.89919,-20.9658,18.6049,8.996
7.53787,-21.2316,18.5295,8.78005
7.16766,-21.485,18.4489,8.56604
6.78901,-21.7255,18.3631,8.3541
6.40234,-21.9528,18.2723,8.14435
6.00812,-22.1667,18.1764,7.93691
5.60681,-22.367,18.0755,7.7319
5.19887,-22.5534,17.9698,7.52945
4.7848,-22.7256,17.8591,7.32966
4.36506,-22.8835,17.7438,7.13265
3.94017,-23.0269,17.6237,6.93854
3.51061,-23.1556,17.4989,6.74743
3.0769,-23.2694,17.3697,6.55943
2.63954,-23.3682,17.2359,6.37465
2.19906,-23.452,17.0978,6.1932
1.75598,-23.5205,16.9553,6.01517
